driverId,name,ssn,location,certified,wage-plan
10,Rachael Johnson,149-55-0121,"54280 Johnson Lane
New Elizabethshire, AL 60526",Y,miles
11,Tara Smith,820-42-6685,"5276 John Divide Suite 074
Michaelburgh, MI 21743",N,hours
12,Justin Taylor,734-46-3139,"016 April Springs
Samanthaport, MT 55448",N,miles
13,Jean Rosales,462-15-7716,"PSC 9111, Box 9459
APO AP 46003",Y,hours
14,Stephanie Nunez,024-29-3840,"3361 Holly Flats
East Ryan, DC 24379",N,miles
15,Jonathan Woodard,420-74-9372,"00671 Jessica Squares
Jenniferville, WY 54038",N,hours
16,Carmen Parrish,079-79-5563,"7721 Alexandria Valleys
Lopezbury, NE 30124",Y,hours
17,Colleen Schmitt,190-17-0768,"Unit 5229 Box 2664
DPO AE 46517",Y,hours
18,Christopher Little,439-67-7205,"768 Alexander Vista
Marshallburgh, AL 93844",N,miles
19,Douglas Reid,484-92-9649,"PSC 3699, Box 8847
APO AP 95899",N,miles
20,Alex Rivera,620-04-9692,"73449 Harmon Underpass
North Sharon, ME 10295",Y,miles
21,Sarah Morgan,469-13-9005,"733 Ponce Drive
South Jennifer, MH 17076",Y,miles
22,Brenda Underwood,840-05-9186,"PSC 7898, Box 0198
APO AE 44300",Y,hours
23,Catherine Mcconnell,783-41-1983,"616 Bailey Prairie Suite 524
Lake Andrewburgh, RI 45070",Y,hours
24,Bryan Barker,623-76-7089,"696 Jeffrey Lakes
Lake Christopher, MD 69095",N,hours
25,John Johnson,739-01-8574,"Unit 4451 Box 0973
DPO AP 92657",Y,hours
26,Kimberly Lewis,407-31-6252,"8611 Jeremy Walk Apt. 377
Tonyaville, OH 54508",N,miles
27,Stephen Smith,887-81-7474,"7122 Stuart Hills Apt. 769
Mcguireview, RI 26397",N,hours
28,Joseph Taylor,129-21-6121,"1071 Angela Pass Apt. 349
Averystad, CA 96907",N,hours
29,Randy Harrison,631-46-4745,"9866 Donna Springs Suite 788
Riversbury, NM 80748",Y,miles
30,Mitchell Wells,846-44-3673,"8201 Campbell Ports
New Jessicaport, WA 44233",Y,miles
31,William Mccormick,895-67-3864,"63599 Walter Prairie Suite 290
Lake Nancy, NJ 65870",Y,hours
32,Daniel Andersen,425-48-3356,"149 Rodriguez Ville Apt. 255
Sabrinafort, AL 06647",N,miles
33,Karen Mitchell,830-69-0822,"171 Berry Inlet
East Christopher, AR 25065",Y,miles
34,Michael Merritt,167-59-0178,"929 Melissa Radial Apt. 830
Martinfurt, UT 12338",N,miles
35,Kevin Fitzgerald,546-11-7717,"825 Sanders Junction Apt. 532
Walkerbury, PW 30049",Y,miles
36,Teresa Turner,114-89-5293,"5265 Christopher Squares Apt. 242
Port Megan, MP 76976",N,hours
37,John Morgan,699-82-6922,"00899 Amber Wall Apt. 925
Port Jose, TX 01591",N,miles
38,Pamela Griffith DVM,869-50-7677,"55746 Robert Well
Lake Yolandaside, GU 13095",Y,hours
39,Rachel Neal,355-74-0809,"575 Angela Landing Apt. 896
Port Luisstad, RI 47480",Y,hours
40,Laura Scott,487-21-1821,"95002 Madison Circle
South Jeremiah, MO 00793",Y,hours
41,Brian Vargas,774-06-0764,"659 Perry Unions
New Andrew, KY 83491",N,hours
42,Kimberly Hogan,137-89-0481,"1971 Johnson Estates Suite 564
Harveyfort, SC 35415",N,miles
43,Dustin Martinez,019-54-8004,"242 Smith Stream Apt. 993
East Wandaberg, IN 23875",Y,hours
44,Jason Hatfield,580-82-3413,"93024 Tonya Prairie Suite 317
Carrillofort, PR 23319",Y,miles
45,Stacey Ward,269-17-2629,"230 Walter Prairie
Christianhaven, MA 03285",N,miles
46,Kenneth Peterson,521-94-3835,"337 Fischer Brooks Apt. 464
East Stephanie, WA 93576",N,miles
47,Lisa Johnson,708-68-0565,"8487 Marie Brooks Suite 449
Lake Kathy, NV 34996",Y,hours
48,Melissa Kaiser,576-22-4652,"Unit 3557 Box 9210
DPO AE 32406",N,miles
49,Tina Hayes,551-52-7045,"3201 Oconnor Brook Apt. 720
Rosebury, NM 61137",Y,hours
50,Patricia Ruiz,183-26-3521,"51912 Linda Neck
West Tammyland, KY 18751",Y,hours
51,John Morgan,651-84-5017,"8585 Mays Shore
South James, OH 78508",Y,hours
52,Patrick Thompson,104-09-3349,"704 Curtis Mews Suite 583
Rodriguezfurt, CT 22957",N,miles
53,Gabriel Lopez,630-78-1051,"46907 Parsons Lakes
Anatown, GU 96148",N,hours
54,Jennifer Horne,406-68-5931,"115 Brian Plaza Apt. 747
Meyerchester, ME 13771",N,hours
55,Alison Cunningham,221-77-5873,"54053 Rogers Islands
Kellyfurt, IA 63069",N,miles
56,Dean Pittman,557-70-5812,"402 Alexis Mission
Elizabethview, TX 46370",Y,hours
57,Brandon Hanson,203-90-2357,"USCGC Barnes
FPO AA 74085",N,miles
58,Richard Grimes,873-24-6662,"7749 Heather Wells Apt. 999
South Oscar, WY 84737",Y,hours
59,Aaron Murray,239-15-6397,"6093 Lindsay Trafficway
Thomasbury, ID 59600",Y,hours
60,John Park,040-68-4309,"3264 Grimes Forge Apt. 390
Lake Jamesfort, VT 23164",N,miles
61,Nicole Stevenson,720-19-4369,"9444 Roy Highway Apt. 265
West Samantha, SC 69611",Y,hours
62,Benjamin Miller,183-95-9023,"3673 Griffin Tunnel Suite 522
Port Heidiborough, OK 64425",Y,hours
63,Kelly James,219-70-8907,"91342 Sarah Pass Suite 520
Millerland, MD 07493",Y,hours
64,Jason Erickson,127-92-9788,"1219 Fernandez Inlet Apt. 717
West Reneefort, AZ 78922",N,hours
65,Christopher Davis,309-72-9982,"86178 Moore Falls Apt. 428
Kimstad, WA 67719",Y,miles
66,Sarah Bennett,439-36-8377,"552 Jonathan Canyon Apt. 511
East Julie, VI 28798",Y,hours
67,Jeff Henderson,869-09-6978,"2461 Ortiz Plains
South Jasonhaven, WV 51418",Y,miles
68,Hunter Williams,846-96-9631,"Unit 1824 Box 6087
DPO AA 03288",N,hours
69,Robert Alvarado,682-90-4478,"699 Shelly Views Suite 725
Nelsonfort, MT 61024",Y,hours
70,Natalie Barber,081-77-3100,"588 Matthew Cliff Suite 816
Emilymouth, AK 15419",Y,hours
71,Alexandria Alexander,803-28-2675,"USNV Stevens
FPO AE 13235",Y,hours
72,Jeremy Nicholson,443-70-2505,"3428 Amanda Wells
Bryceberg, OH 78117",Y,hours
73,Matthew Odonnell,646-09-7313,"9432 Tina Station
Kevinberg, GU 65970",Y,miles
74,Keith Garcia,431-59-9439,"3740 Maria Cove Apt. 826
North Beth, KS 17411",Y,miles
75,Devon Ayala,346-63-9258,"464 Tracey Mountain
North Kaitlin, OH 19310",N,hours
76,Elizabeth Fields,019-32-6473,"4385 Bright Plains Suite 964
East Scott, ME 93145",Y,hours
77,Bob Sims,501-06-0378,"7768 Mcfarland Path
North Whitneyview, HI 70755",N,hours
78,Michelle Allen,189-99-4156,"266 Wright Square
Wesleyburgh, WA 66998",N,hours
79,James Cruz,492-40-4904,"0722 Clark Isle
Port Laura, ID 88789",N,miles
80,Ms. Belinda Kerr,132-37-0549,"5178 Anna Burg Suite 550
Martinezburgh, PA 70383",N,miles
81,Nancy Anderson,295-44-8825,"7634 Joanne Estates Suite 284
West Joy, NH 18467",Y,hours
82,Megan Wise,553-80-7568,"588 Gallegos Forks Apt. 345
Marcusberg, PR 64927",N,miles
83,Michelle Mcclain,781-91-5667,"Unit 1887 Box 5733
DPO AE 09154",N,hours
84,Steven Hutchinson,245-87-6074,"6596 Kenneth Trail Suite 737
Mendozachester, ND 76638",N,hours
85,Amanda Keller,742-39-6884,"3575 James Knoll
Smithton, NJ 87242",Y,hours
86,Luke Vasquez,424-50-3594,"10109 Cisneros Isle
Kimberlymouth, MD 37855",Y,miles
87,Bryan Mason,832-28-9315,"365 Miller Ridges
New Sharon, SC 86420",N,miles
88,Aaron Reed,749-97-6867,"63984 Torres Square Apt. 175
Port Cynthia, WI 21650",N,hours
89,Mark Savage,194-05-9440,"677 Taylor Cape
Danielville, MH 20574",N,miles
90,Kyle Jones,158-58-9639,"30983 Karen Fork
Coxview, NV 57793",N,miles
91,Carrie Henry,350-52-5554,"6409 Erik Point
Laurieside, WV 75886",Y,miles
92,Brittany White,115-81-8640,"640 Duke Key
Martinborough, GA 31810",Y,miles
93,Matthew Maldonado DVM,765-52-5853,"27507 Jeffrey Ridge Apt. 758
West Kathryn, TN 11968",Y,miles
94,Kenneth Harrison,351-63-8323,"72698 Foster Overpass
Schmidtberg, PW 31372",Y,miles
95,Crystal Durham,796-62-7014,"9224 Sanchez Extensions
East Raymondshire, NC 48041",N,miles
96,Sarah Gallegos,716-79-7214,"1707 Hansen Crest
Tammiemouth, OR 63179",N,miles
97,Pamela Woods,775-26-3815,"365 Martin Lake
East Melissa, IA 52190",N,hours
98,Maxwell Wiggins,769-93-3859,"5993 Robertson Crest
Port Travis, RI 59971",Y,miles
99,Kimberly Hines,279-25-3825,"7975 Cynthia Pines Suite 471
Brianberg, MH 80639",N,hours
100,Monica Perkins,687-90-6631,"075 Maria Coves
Lake Alvinmouth, LA 93875",Y,hours
101,Meagan Reese,060-01-3239,"USNS Johnson
FPO AE 06088",N,miles
102,James Johnson,780-87-3533,"26139 Anderson Heights Apt. 455
West Alexborough, NJ 97348",N,hours
103,Karen Todd,591-63-9353,"316 Kristopher Extensions Apt. 626
South David, FL 94747",Y,hours
104,Aimee Johnson,108-49-2069,"USCGC Walter
FPO AE 79961",N,miles
105,Sarah Harrison,795-32-2096,"994 Glover Shores Apt. 771
East Jamesville, NC 49629",N,miles
106,Kristine Patterson,828-76-6559,"810 Jaime Center
Carolynhaven, MS 77026",Y,hours
107,Jacob Combs,648-28-3366,"690 Elizabeth Hollow Apt. 878
Lawsonberg, OK 18604",N,miles
108,Carlos Jackson,113-11-0799,"75706 Garcia Burg
Chenstad, LA 04020",N,hours
109,Natalie Castaneda,667-70-2857,"057 Edward Plains
Patrickhaven, MI 75174",Y,hours
110,Misty Morris,636-27-1782,"72978 Colleen Circle Apt. 689
North Benjamin, MD 16056",N,hours
111,Maria Wolfe,287-77-5209,"383 Andrew Road Apt. 200
Aaronstad, AL 64165",N,hours
112,Morgan Rosales,630-10-6450,"PSC 8491, Box 6622
APO AE 81140",N,miles
113,Christina Campbell,386-94-5673,"888 Ryan Tunnel
Courtneyville, VI 50781",N,hours
114,Lisa Jimenez,624-02-9799,"3894 Church Court
West Sierra, DE 50730",Y,miles
115,Juan Clark,424-84-5954,"500 Keller Stream Apt. 247
Johnsonshire, DE 80225",Y,hours
116,Beth Gutierrez,473-98-4768,"Unit 7991 Box 6069
DPO AA 28973",Y,hours
117,Robert Smith,552-19-3754,"1740 Macdonald Streets Suite 525
Thomasville, RI 44605",N,miles
118,Johnny Salazar,073-80-6513,"23936 Danielle Radial
Lake Robertville, NJ 12848",Y,miles
119,Kristen Perry,505-40-9380,"94772 Thomas Isle
South Cynthia, OR 29844",Y,hours
120,Andrea Mason,560-71-8214,"87933 Daryl Course
Grahamburgh, PR 86480",N,miles
121,Donna Morales,532-75-3293,"10309 Wood Lights Apt. 658
Whiteborough, FM 71536",Y,hours
122,Ashley Davis,108-77-9204,"20428 Deborah Pines Apt. 551
Nicholasfurt, ME 53590",N,miles
123,Andrew Ward,807-01-8546,"856 Norton Plains Apt. 503
Allentown, WV 21356",Y,hours
124,James Burns,480-36-4556,"16497 Wanda Forest Suite 886
Lake Susan, OR 65662",N,hours
125,Gabriella Morris,473-02-3941,"1134 Williams Brooks
South Bethany, IA 24947",N,miles
126,Jennifer Bryant,370-80-6061,"07058 Alyssa Gateway Suite 505
North Richardberg, HI 92576",Y,miles
127,David Moses,154-85-5825,"1127 Simpson Brook Apt. 108
Jamesside, MH 65123",N,miles
128,Christina Edwards,309-29-3532,"7008 Nguyen Radial
Anitaland, VI 05565",N,miles
129,Erica Fisher,656-73-3015,"0288 Matthew Landing
West Jeremiahville, PW 49319",Y,hours
130,Christina Johnson,648-58-7947,"PSC 0611, Box 9697
APO AE 04469",Y,hours
131,Scott Thompson,894-24-0757,"518 Kent Throughway
Robertbury, IA 45056",Y,hours
132,Lori Mcmillan,391-05-5674,"USS Rivas
FPO AP 78646",Y,hours
133,Katherine Rodriguez,269-66-6572,"82536 Mack Lodge
Williamsbury, WA 56719",Y,hours
134,Catherine Wang,721-07-1458,"171 Jose Ramp Apt. 804
Bakermouth, OR 13261",N,miles
135,Brandon Mcconnell,301-48-6034,"491 Cabrera Flats
Jamesland, NE 52478",N,miles
136,Kristina Bell,710-84-0338,"88094 Brown Passage
Markside, WY 33765",N,hours
137,Belinda Woods,486-41-1045,"9232 Miller Dale Apt. 062
Rodriguezbury, CA 02638",N,miles
138,Brittany Brennan,590-93-1754,"142 Clark Loop
Barnesville, GA 03768",Y,miles
139,Kevin Kennedy,814-04-8461,"91001 Bonilla Island Suite 268
Richardchester, WI 77728",Y,hours
140,Tina Vargas,511-64-5255,"0540 Jones Alley
Martinport, NE 43773",N,hours
141,Wesley Acevedo,186-23-8993,"PSC 5442, Box 3104
APO AP 96376",Y,hours
142,Mrs. Diane Ross,594-42-9989,"1451 James Hollow Apt. 741
Danielview, TX 73594",N,hours
143,Jocelyn Thompson,677-85-3891,"09638 Amy Common
North Keithview, UT 68235",Y,miles
144,David Singh,567-22-0561,"44863 Elizabeth Islands
North Kevin, MH 41767",Y,miles
145,Michael Price,424-62-9509,"8529 Pollard Point
Benjaminfort, NE 02680",N,miles
146,Hannah Pierce,104-38-4666,"Unit 7160 Box 8944
DPO AE 59539",N,hours
147,Christopher Hopkins,325-30-0265,"91024 John Ridge Apt. 941
New Andrewbury, WI 46928",Y,hours
148,Kimberly Mata,110-19-8979,"98848 Williams Lodge Apt. 397
Port Tracy, OK 05862",N,hours
149,Kelly Berry,280-31-1930,"82813 Carlos Radial Apt. 252
New Joan, MH 97391",N,hours
150,Tiffany Clark,220-82-7874,"362 Ronnie River
Alyssaland, MH 21685",Y,hours
151,Jennifer Boyle,041-20-3290,"7257 Ramirez Flats Suite 555
East Amanda, NE 25312",N,miles
152,Heather Ball,213-96-7814,"1213 Lloyd Fork
Pereztown, RI 11926",Y,hours
153,Paige Vaughan,377-38-1747,"5445 Smith Ridge Apt. 711
West Terri, VI 05118",Y,miles
154,Erin Smith,092-70-5831,"1295 Shaw Valleys Apt. 128
Alexandriaview, MD 33303",Y,miles
155,Guy Burch,056-12-7100,"811 Monica Camp
North Pennyton, LA 81098",N,miles
156,Walter Burke,298-07-6217,"9346 Page Greens
North Laurafurt, OH 20322",N,hours
157,Kelly Hernandez,752-57-0604,"9523 Smith Streets
South Paulfurt, MD 93491",Y,miles
158,Keith Castro,406-09-0068,"6423 Patterson Fields Apt. 136
Mackville, ME 76991",N,hours
159,Veronica Bush,492-15-4090,"516 Sarah Street
Bartonstad, NY 23604",N,hours
160,Tracy Allen,759-68-0213,"Unit 9961 Box 8381
DPO AA 81240",Y,miles
161,Rebecca Hall,570-36-6028,"391 Powell Trafficway
Hodgefurt, DC 13272",Y,miles
162,Kayla Murphy,847-88-1913,"502 Donna Underpass Apt. 944
Robertstad, IN 26788",Y,miles
163,Bonnie Gonzalez,320-58-5283,"2792 Riddle Overpass Suite 516
Johnsonburgh, SC 22328",Y,miles
164,Luke White,649-55-3056,"0803 James Flat
New Ronald, IA 01117",Y,hours
165,Mike Dawson,184-10-3932,"4756 Tommy Green
New Ronald, VA 55319",Y,hours
166,John Harrell,841-13-4223,"847 Janice Manor
Morenofurt, GU 86892",N,hours
167,Justin Miller,088-42-1348,"108 Regina Ridge
New Melissa, RI 37455",Y,hours
168,Walter Barker,306-39-8163,"18773 Patrick Cliff Apt. 629
Garytown, FM 07386",Y,miles
169,Steven Bailey,066-63-5646,"5709 Sharon Forest
Jenniferstad, MT 47720",N,miles
170,Phillip Church,623-52-7011,"7781 Vincent Land Apt. 922
East Alexisville, MA 44321",Y,miles
171,Tonya Sweeney,523-24-1834,"50006 Jessica Crossroad Suite 211
Danielburgh, DE 58764",N,hours
172,Ashley Brooks,689-24-6120,"359 Bennett Mills
Philipshire, MA 20264",Y,miles
173,Jennifer Myers,194-81-4303,"68564 Newman Fords Apt. 357
Lake Jamesland, MS 47923",Y,miles
174,Mark May,760-99-2595,"027 Patrick Walks Suite 659
East Denise, RI 21458",Y,hours
175,Vanessa Burton,489-58-5713,"7231 Sanchez Forge
New Sarashire, MA 52243",N,miles
176,Diana Solis,547-38-5507,"50797 Oneill Heights
North Mary, CA 26104",Y,miles
177,April Terry,893-15-8555,"192 Juan River Apt. 128
Port Shelly, OK 90841",Y,hours
178,Willie Hall,704-12-5937,"7480 Stone Squares Suite 762
West Tyler, LA 29267",Y,miles
179,Gary Baker,368-88-1370,"931 Wilson Brooks Suite 891
Macdonaldside, MH 63146",Y,miles
180,Paul Lucas,424-60-2995,"979 Jensen Mountains Apt. 721
West Russell, IL 56644",N,hours
181,Jack Mckee,331-81-1956,"042 King Knolls Suite 398
Richardbury, IA 47572",N,miles
182,Terri Goodwin,508-48-5507,"41379 Maureen Manors Suite 348
West Victorville, PR 25276",Y,hours
183,Robyn Williams,624-16-8672,"4575 Sheila Landing
Carolchester, GA 10692",N,hours
184,Erin Blevins,628-91-7136,"82362 Jessica Path
Angelicaland, AZ 48887",Y,miles
185,Alex Blanchard,484-12-0387,"3297 Salazar Knoll Apt. 156
Brendamouth, LA 04595",N,miles
186,Heather Rodriguez,226-20-0629,"16293 Madeline Lakes
Myersfurt, AR 59446",Y,hours
187,Heather Miller,478-59-3286,"721 Matthew Cliffs Apt. 890
Silvatown, VI 17028",N,miles
188,Daniel Jones,575-60-6456,"17168 Edward Lake
South Nicholasport, PW 90530",N,miles
189,Elizabeth Clark,621-76-2187,"PSC 1458, Box 9314
APO AP 85105",Y,hours
190,Mark Jones,182-27-2572,"178 White Pass
Brownfurt, NM 01929",Y,miles
191,Tammy Erickson DDS,023-77-8086,"99454 Williams Mountain
East Emily, IL 64425",Y,miles
192,Ryan Hansen,315-52-3385,"672 Taylor Center
West Debratown, NH 63273",Y,miles
193,Alexander Turner,294-23-3933,"4195 Robert Oval
Jonesmouth, KS 92170",Y,hours
194,Elizabeth Perry,744-50-9896,"PSC 8361, Box 1997
APO AP 52347",N,hours
195,Samuel Perez,818-58-5699,"657 Merritt Squares Apt. 728
Elizabethton, AK 33063",Y,hours
196,Justin Morris,353-25-2560,"10564 Ryan Crossing Suite 942
Barkerburgh, OR 30567",N,hours
197,Matthew Smith,812-42-0780,"081 Donna Ranch
New Billyland, VA 59227",Y,hours
198,Stephanie Wiley,350-51-9115,"PSC 6637, Box 3843
APO AE 89199",Y,hours
199,Carly Cook,549-24-8516,"9231 Ward Hollow Suite 545
Teresaborough, TN 39769",N,hours
200,Karen Harris,075-60-0545,"079 Armstrong Land Suite 346
East Austin, WI 50341",Y,hours
201,Riley Fuentes,188-27-0331,"42883 Roberto Skyway Suite 219
West Allison, IL 12488",Y,hours
202,Candice Lee,337-57-6071,"015 Alexandria Prairie
South Justin, NY 28917",N,hours
203,Nicholas Sanchez,512-56-4431,"6434 Young Summit
Joshuaside, MA 30730",Y,miles
204,Gordon Suarez,400-21-0920,"68304 Gutierrez Alley Suite 684
South Amber, KY 06074",Y,miles
205,Deborah Benjamin,719-35-3680,"88330 Carrie Brooks
Christinaview, VT 82975",N,hours
206,Mr. Kevin Harvey,593-32-8892,"46008 Jones Radial Apt. 585
Lorishire, NJ 04317",Y,hours
207,Keith Jordan,556-17-7130,"3084 Leonard Park Apt. 276
New Dianafort, IN 18806",Y,hours
208,Eric Wood,553-83-8625,"811 Thomas Rapid
South Tracyton, CA 79748",N,miles
209,Crystal Chavez,489-52-4005,"08657 Melissa Lodge
East Lauren, MD 03162",N,hours
210,Scott Dean,286-92-6530,"7822 Martin Courts Suite 102
Lake Kristin, PR 24886",N,hours
211,Kelly Underwood,493-42-7795,"65367 Christopher Crossing
Whiteborough, CT 04103",Y,hours
212,Caitlyn Burns,433-90-4691,"0862 Mariah Ports Suite 509
West Carol, MD 48474",N,miles
213,Gene Klein,462-77-7652,"34193 Melody Pass Apt. 040
Wheelershire, AL 50843",N,miles
214,Jasmine Ellis,032-48-1344,"722 Brittany Creek Apt. 943
Arnoldhaven, NC 50720",N,hours
215,Jennifer Brown DDS,037-53-2947,"0996 Grant Trail
Ramirezfort, WI 59842",Y,hours
216,Jodi Davidson,269-75-5055,"8699 Janet Corner Apt. 645
Wrighttown, MD 78024",Y,hours
217,Amanda Lowe,280-13-1684,"527 Daniel Land
Ramosmouth, OH 58769",N,hours
218,Stephen Soto,272-56-7988,"96138 Francis Well
North Reneeton, NM 13030",N,hours
219,Bryan Hughes,330-88-2349,"6112 Billy Row
Lake Anthonyland, IL 01126",Y,miles
220,Natalie Rivas,786-05-6279,"USNV Jones
FPO AA 08769",Y,miles
221,Kristine Mcdaniel,718-34-1973,"23579 Christopher Via
Stanleyview, NH 11627",N,miles
222,Alexander Schroeder,040-09-7453,"80052 Whitney Pines
Kevinburgh, KY 17393",Y,miles
223,William Rogers,314-49-7904,"289 Melinda Road
South Miguelburgh, IL 55207",N,hours
224,Melissa Jackson,645-63-0572,"73528 Sullivan Burg
Crystalberg, AS 54450",N,miles
225,Susan Williams,852-80-7144,"75782 Sean Forks Suite 398
Sampsonstad, VT 45600",N,hours
226,Dominique Cole,329-33-0574,"40772 David Way Suite 302
Leeburgh, WY 77915",Y,miles
227,Holly Lewis,852-74-9171,"262 Jackson Ville
North Julia, AZ 32369",Y,hours
228,Edgar Lopez,089-14-4965,"052 French Passage Apt. 096
South Danielborough, UT 23730",Y,hours
229,Angelica Higgins,403-65-2879,"7813 Lisa View Apt. 202
Jeffreyton, NJ 08802",Y,hours
230,Walter Reilly,343-72-2651,"13833 Douglas Cape Apt. 454
Richardfort, WY 01995",N,hours
231,Jared Turner,298-09-3244,"Unit 6154 Box 9143
DPO AE 20975",Y,hours
232,Lynn Hunter,003-48-6874,"92848 Jessica Estate Suite 746
Port Troy, MN 61195",Y,miles
233,Elizabeth Rosales,294-18-5661,"05196 Miranda Groves
North Donaldstad, AZ 52819",Y,hours
234,Courtney Williams,119-33-8983,"8183 Johnson Circle Apt. 149
Douglasport, WI 32765",N,hours
235,Anthony Smith,528-35-4471,"68858 Graves Springs
Alexandermouth, KS 94668",Y,hours
236,Nicole Rogers,818-79-8945,"465 Weber Rest Apt. 339
East Joshua, IA 87721",N,hours
237,Angela Hernandez,265-64-0672,"417 Blair Crescent
Burkeberg, AS 69640",Y,miles
238,Robert Washington,443-80-2851,"696 Vanessa Lane
Port Ricky, ND 26049",N,hours
239,Mr. Michael Tanner MD,003-84-1563,"439 Zachary Islands Suite 216
Mossborough, NE 73555",N,miles
240,Thomas Mercer,231-96-4619,"USNV Gonzalez
FPO AA 99452",N,hours
241,Jessica Anderson,184-42-6614,"8128 Lee Squares Apt. 750
Lake Charlesberg, NV 40999",Y,hours
242,John Johnson,441-05-3062,"63095 Hines Flat Suite 062
New Kathryn, VT 52407",Y,miles
243,Brian Thompson,248-55-0966,"1860 Smith Roads Apt. 095
Kristinmouth, KS 97411",N,miles
244,Amanda Johnson,351-53-7856,"18009 Marquez Mall Suite 924
South Richardfort, AR 93290",N,miles
245,Tammy Woods,073-38-2847,"8535 Pearson Stravenue Apt. 096
Shafferport, WY 76908",N,hours
246,Leslie Winters,630-74-4783,"08914 Ayala Neck
Lake Louisport, AK 43868",N,miles
247,Sierra Rodriguez,144-88-3070,"2176 Nathan Fort
Huangberg, RI 81811",N,hours
248,Mrs. Ashley Meyers,349-12-1678,"7751 Heather Course Suite 258
Butlerton, IN 19660",Y,hours
249,Lisa Griffith,631-24-6100,"55993 Daniel Junction
East Lori, MI 06207",N,hours
250,Cory Robinson,489-94-5228,"USNS Johnson
FPO AE 44718",N,hours
251,Amanda Spencer,029-33-5324,"5846 Kari Harbors Suite 822
Brendaville, MO 02512",Y,miles
252,Johnny Ayers,227-62-2561,"511 Hamilton Unions Suite 606
Castillobury, MS 55712",Y,hours
253,Douglas Miller,543-55-6555,"03188 Craig Pass
Sheilachester, HI 25770",N,hours
254,Patricia Jimenez,259-24-7102,"9871 Patricia Courts
Johnberg, RI 52946",Y,hours
255,Evan Ortega,508-02-0729,"USNV Watts
FPO AE 09483",Y,hours
256,Tammy Little,218-42-3207,"79533 Rose Hollow Apt. 620
Mossstad, MN 14563",Y,hours
257,Lauren Diaz,489-99-6049,"2169 Aaron Plains
Heatherfurt, AK 86414",N,miles
258,Rachel Thompson,169-86-5726,"10617 Brianna Gardens Apt. 790
Greermouth, CA 44524",N,hours
259,Tony Bond,622-37-8278,"500 James Ranch
Antonioport, FM 73416",N,hours
260,Beverly Oconnor,349-21-4360,"2302 Patricia Pass Apt. 987
Jessicaberg, MN 64885",N,miles
261,Jonathan Sanchez,437-95-7412,"7971 Gabriel Harbor Apt. 610
South Josephstad, ME 95149",N,miles
262,Jennifer Holmes,232-72-3200,"4416 Reed Square
Reneetown, MO 86862",N,miles
263,Joseph Goodman,858-71-1545,"2172 Martin Forges Suite 487
Lake James, KS 35232",Y,hours
264,Holly Robertson,228-08-5876,"Unit 6710 Box 9975
DPO AA 27053",Y,hours
265,Steven Jones,211-89-2927,"988 Jensen Ports Suite 870
South Megan, GU 98639",N,miles
266,Steven Logan,404-26-8152,"1692 Mccoy Circles Suite 483
East Jonathan, MO 21538",Y,miles
267,Kelsey Lin,614-52-9121,"7814 Cheyenne Terrace Suite 421
Brewerstad, SC 48505",Y,hours
268,Rachel Graham,465-23-1742,"72257 Brittany Stream
North Jenniferberg, HI 61918",Y,hours
269,Ms. Amanda Patrick,501-45-5756,"203 Page Bridge
Susanshire, AL 26996",Y,miles
270,Cathy Reed,800-81-6255,"1968 Vincent Isle Suite 181
Miguelfurt, NE 50623",Y,miles
271,Brandy Suarez,202-62-6664,"4893 Diaz Fort Apt. 311
Gilbertview, GA 78235",Y,miles
272,Noah Ortiz,269-42-8359,"088 Mcguire Keys
Lindseyton, MA 69940",N,miles
273,Alison Pham,291-95-5491,"948 James Drive Suite 354
New Stephanietown, NE 85796",N,miles
274,Stephanie Morris,500-03-0266,"77872 Perry Motorway Suite 490
Brianmouth, SD 77710",Y,miles
275,Jeffrey Lopez,801-65-8722,"233 Sarah Point
Port Annettehaven, ND 37498",Y,hours
276,Nicholas Shah,504-41-4122,"3957 Joseph Knoll Suite 576
South Brandi, CT 90888",N,miles
277,Elizabeth Daugherty,075-13-5300,"2636 Christopher Greens Suite 398
Lake Jenniferhaven, CT 80403",N,hours
278,Lauren Young,190-28-3382,"53032 Gutierrez Lakes
East Melindabury, ME 12807",N,miles
279,Laura Mitchell,756-90-9017,"3201 Warren Vista
Graymouth, NV 94831",N,hours
280,Sydney Robertson,117-60-2470,"003 Jennifer Flat
East Erikamouth, MP 36193",Y,miles
281,Paul Lewis,884-89-9810,"PSC 7735, Box 1703
APO AA 33201",Y,miles
282,Jason Peterson,843-58-8678,"9373 Michael Corners
North Heidi, MA 75819",Y,miles
283,Dalton Grant,409-78-0196,"4561 Julie Forest
Scottmouth, MT 15613",N,miles
284,Charles Mills,274-74-9500,"Unit 8366 Box 4643
DPO AE 78577",Y,hours
285,Megan Adams,871-54-6284,"84027 Soto Passage Apt. 869
Thomasfurt, MN 59512",N,miles
286,Curtis Wallace,022-39-4011,"8336 Jennifer Crossing Suite 982
Morrisstad, IA 66436",N,hours
287,Thomas Carr,699-66-3529,"250 David Highway
New Miguel, IL 51708",Y,hours
288,Jacob Cox,464-81-5441,"091 Robert Glens
Alanfort, SD 34400",N,hours
289,Laura Ramirez,855-78-0499,"90306 Conway Lights
North Keith, VT 71175",Y,hours
290,Brian Acevedo,513-06-3652,"724 Robertson Place Apt. 680
Jodybury, CO 69241",N,miles
291,Samantha Lee,006-10-8827,"9757 Bush Ridges Suite 254
Stevenland, KS 41165",N,hours
292,Natalie Williams,517-93-1166,"50544 Henry Fort Suite 319
East Chase, MA 90360",N,hours
293,Jimmy Harris,266-19-8126,"47701 Richard Hill Apt. 806
Wadeland, WV 10596",N,hours
294,Scott Thomas,380-47-9750,"036 Mark Dam
West Cynthiaburgh, PW 42529",N,miles
295,Veronica Vaughan,015-57-8835,"1381 Cristina Ways
New Joshua, PA 81213",Y,hours
296,Sandra Lawrence,376-40-3179,"01580 Joshua Curve Suite 079
Pedroshire, WV 15784",Y,miles
297,Jason Franklin,478-17-1186,"58494 Zachary Harbors
West Gregorymouth, ID 26949",N,hours
298,Steven Lane,514-80-8748,"38439 Brandon Stream
Lake Randy, MH 11415",Y,miles
299,Jennifer Williams,400-10-3455,"553 Melissa Vista
Bowmanshire, AL 54828",N,hours
300,Courtney Vazquez,837-13-9154,"08158 Tracy Port Apt. 425
Cunninghamstad, TX 23688",Y,miles
301,Holly Norton,855-85-7414,"90297 Ernest Garden
Kellyville, CO 83915",N,hours
302,Lynn Ferguson,274-96-3181,"377 Darryl Mills Suite 997
Estradashire, RI 09342",Y,miles
303,Rebecca Fritz,293-95-1032,"738 Andrews River Apt. 712
Lanestad, AS 54928",Y,miles
304,Autumn Schaefer,283-16-4873,"422 Shawn Alley
Harrischester, NM 26237",Y,hours
305,Brian Kim,272-81-7238,"902 Tamara Wells Suite 756
Lake Sherry, PW 24698",Y,hours
306,Dale Sandoval,840-71-9231,"3324 Eric Pass
Michaelfurt, MP 99233",N,hours
307,Michael Hernandez,581-65-0455,"11877 Gabriel Unions Apt. 543
West Angelaburgh, VA 33355",N,hours
308,Frank Bright,512-65-8932,"33089 Matthew Rest Apt. 205
North Judith, PA 31434",N,hours
309,Jason Wilson,564-59-3668,"099 Matthew Fields
Mooremouth, FM 81210",N,miles
310,Jason Warren,679-68-4010,"416 Garrison Extensions Apt. 849
Fullershire, CA 35582",Y,hours
311,Carrie Gallegos,627-56-4747,"162 Amber Throughway Apt. 026
North Steventown, WV 78862",N,miles
312,James Thomas,457-02-8687,"584 Heather Cliffs Apt. 264
East Allenton, NJ 41208",Y,miles
313,Valerie Krueger,186-31-9152,"2402 Jessica Path Apt. 322
Port Taramouth, KS 75003",Y,hours
314,Ryan Henderson,226-11-0667,"03381 Palmer Village
Randallburgh, PR 91767",N,miles
315,Lindsay Garcia,524-05-4639,"7970 Diane Views
Port Emily, NE 64728",N,miles
316,Chloe Dennis,253-61-2704,"PSC 9256, Box 2947
APO AP 49072",N,hours
317,David Cummings,225-80-6113,"USNV Elliott
FPO AE 92544",Y,miles
318,Dawn Anderson,888-97-4661,"308 Holland Stravenue Apt. 835
Delgadochester, WY 46859",Y,miles
319,Walter Rodriguez,188-40-3955,"1258 Warner Stravenue Suite 975
South Tiffanyview, TN 32284",N,hours
320,Randall Powers,372-12-0192,"126 Catherine Manors
Aliciaborough, NJ 63627",Y,miles
321,Eric Roach,818-93-1987,"2882 Foster Drives
Johnsonchester, MN 77915",N,miles
322,Michael Hamilton,447-73-6374,"8766 Edwards Square
West Nancy, VI 68806",N,hours
323,Janet Davies,670-59-3580,"607 Lisa Branch Suite 356
Jameshaven, ND 10648",Y,hours
324,Thomas Williams,481-95-5583,"2082 Thompson Lights Suite 235
South Sheilaton, PA 46568",Y,hours
325,Eduardo Montoya,717-14-4934,"787 Sullivan Village
Johnsonland, NY 52407",Y,hours
326,Andrew Velasquez,230-28-6742,"1855 Antonio Shores Apt. 929
Brianton, WA 83387",Y,miles
327,Kathleen Wilson,778-23-6542,"167 Carol Corners Apt. 015
Morganport, WI 37392",N,miles
328,Ruth Estrada,294-31-9337,"9193 Jesse Trail
Desireeton, PA 89292",Y,miles
329,Jennifer Burke,667-61-9050,"4853 Dyer Brook Apt. 794
Davidmouth, NY 59466",Y,hours
330,Carol Johnson,425-14-6452,"6020 Melissa Lakes
Howellbury, VI 06284",N,hours
331,Melissa Carlson,654-98-8514,"48783 Erin Square Suite 859
Emilyborough, GA 54528",N,miles
332,Lisa Moody,335-05-8494,"79600 Bruce River Suite 489
South Margaret, FL 27568",Y,hours
333,Matthew Moreno,649-77-1929,"044 Jones Cape Apt. 820
Guzmanburgh, MS 74475",N,miles
334,Angelica Livingston,632-29-9581,"USS Davis
FPO AA 38624",Y,hours
335,Amanda Fernandez,715-24-9574,"3289 Lucas Walk
East Jordan, WA 10897",N,hours
336,Robert Little,431-81-2806,"5131 David Lock
Lake Paulmouth, TN 63784",N,hours
337,Carol Peterson,498-98-2033,"444 Donald Shoal
Nicholsbury, MH 21238",N,miles
338,Andrew White,202-70-0546,"42879 Tucker Glens Suite 673
East Elizabethchester, OK 88084",Y,miles
339,Laura Baker,247-15-0498,"933 Ryan Well Apt. 349
West Megan, IL 21467",Y,hours
340,Jason Fernandez,523-99-3945,"USS Kirby
FPO AP 26169",N,hours
341,Rebecca Hernandez,004-40-2331,"08814 Werner Coves Apt. 544
South Michelechester, FM 63745",N,hours
342,Tyler Gibson,070-13-8180,"107 Davis Causeway
Brownville, CT 87567",N,hours
343,John White,417-77-4026,"72177 Lee Burgs
West Lauriechester, MA 05059",Y,miles
344,Dennis Davis,795-29-6935,"040 Jennifer Grove Apt. 777
Michelleburgh, PW 80081",N,miles
345,Oscar Acosta,163-75-0761,"9105 Jensen Ramp
Michaelmouth, IL 97107",Y,miles
346,Lindsay Hunter,439-66-0474,"4202 Mcdonald Common Apt. 642
Annhaven, VT 10971",Y,hours
347,Lawrence Jones,592-79-3959,"6075 Taylor Fields Suite 763
Sherrifort, GU 70132",Y,miles
348,Matthew Jones,815-24-2635,"032 Becker Summit
North Kathleenshire, NJ 73391",N,miles
349,Maria Webster,520-96-9303,"3209 Odonnell Field
Lisaburgh, DC 53585",Y,hours
350,Alexander Fuller,269-50-2668,"6762 Gardner Island
Markland, CA 32749",Y,miles
351,Michael Pace,752-47-9931,"3267 Bailey Mission Suite 433
South Keith, KS 98947",N,hours
352,Amber Wilkerson,541-14-6712,"Unit 8349 Box 7598
DPO AE 70821",Y,miles
353,Michael Wilson,139-19-3358,"60323 Miller Branch Suite 964
Mckeeberg, CA 22531",Y,miles
354,Joyce Sutton,547-62-4405,"88717 Smith Glen Apt. 938
Stewartview, MD 72129",Y,miles
355,Patricia Johns,786-48-5443,"4959 Collier Lodge Suite 051
East Stephen, MO 90601",N,miles
356,Jennifer Davis,450-64-2697,"Unit 0263 Box 5628
DPO AE 43691",N,hours
357,Sheila Willis,345-65-3494,"5437 Brown Lodge Apt. 431
West Gary, VA 20984",N,miles
358,Lauren Edwards,708-22-2874,"794 Henry Glens
Jacksonstad, NC 65273",Y,hours
359,Travis Wells,465-34-5551,"62763 Crystal Mission Apt. 354
South Reginaldmouth, ME 18811",Y,miles
360,Brandon Thompson,744-65-9942,"04324 Nelson Vista
Beardfurt, NV 90863",N,hours
361,Raymond Davis,566-95-6410,"PSC 9459, Box 8364
APO AA 31512",N,hours
362,Jack Nguyen,851-81-6104,"06260 Allen Islands
New Gregory, KY 28731",N,miles
363,Daisy Lynch,102-18-2318,"7409 Johnston Island Apt. 900
West Joshuastad, WV 33110",N,hours
364,Jennifer Harris,056-60-5431,"448 Thomas Alley Suite 947
New Ryan, UT 54085",Y,hours
365,Edward Harris,437-06-0936,"2165 Alyssa Track
New Michael, UT 13275",N,hours
366,Dorothy Hill,523-66-8027,"2948 Alejandro Ridges Apt. 449
North Stephentown, DE 17394",Y,miles
367,Terry Byrd,853-93-7445,"9622 Juan Islands
North Arielhaven, PR 03098",N,miles
368,Mary Smith DVM,257-88-2854,"70074 Jermaine Point
Elizabethchester, RI 09462",N,miles
369,Kara Alvarado,025-54-2853,"8912 Anne Garden Apt. 337
East Alex, FL 49562",Y,hours
370,Julian Tucker,596-33-8675,"30072 Hampton Cove Apt. 284
North Claudiamouth, PR 05862",N,hours
371,Michael Walker,248-29-8456,"807 Melissa Tunnel Apt. 424
South Joshua, MD 86347",Y,miles
372,Gary Pace,585-79-0492,"530 David Hills Suite 661
West Miguelhaven, WI 84399",Y,hours
373,Amy Clark,729-63-9854,"4860 Phillips Road Apt. 683
Zacharyfort, ME 91519",N,hours
374,Richard Lopez,529-92-7634,"637 Aguilar Mews Suite 531
Russellton, ME 25799",N,miles
375,Francisco Copeland,008-49-3056,"50291 Ellis Expressway Apt. 937
South Donaldshire, GU 62899",Y,hours
376,Jimmy Gillespie,865-54-0477,"01213 Albert Hill
Hendrixmouth, WY 04795",N,miles
377,Alexandria Adams,641-04-7325,"3979 Ashley Port
Jorgetown, OR 73200",N,miles
378,Sabrina Hunter,801-84-0133,"751 Ramirez Manors
South Mary, HI 91455",N,miles
379,Hector Kirby,879-26-6130,"Unit 7145 Box 7352
DPO AE 09825",N,hours
380,Scott Edwards,309-84-0583,"PSC 2015, Box 6429
APO AA 53283",Y,hours
381,Tracey Contreras,677-78-5786,"10304 Kim Springs
Jennifermouth, NE 80758",N,hours
382,Paul Joyce,226-20-8297,"Unit 0247 Box 3604
DPO AA 82843",Y,miles
383,Lynn Harrell,361-03-4254,"381 Lee Valley
Shannonborough, MO 45370",N,hours
384,Lindsey Lyons,332-80-3225,"636 Fernandez Trace
Port Lisamouth, FM 12587",N,miles
385,Stacey Morrow,663-71-7898,"574 Laurie Ville Suite 656
Cooperbury, CO 27846",Y,miles
386,Brian Fisher,429-79-4954,"0675 Evans Courts Apt. 741
Alexandriahaven, KY 28599",Y,miles
387,Steven Marks,227-67-9983,"1778 Mcmahon Hills
South Katelyn, NY 29833",N,miles
388,John Fuller,346-61-6583,"PSC 3217, Box 3849
APO AA 44374",N,hours
389,Tony Martinez,228-64-2661,"79902 Thomas Port
Sotoshire, WY 60161",N,miles
390,Jason Long MD,212-81-9810,"00583 Wanda Parkway Apt. 096
South Frank, MS 95914",N,miles
391,Alexander Diaz,043-12-9918,"57007 Smith Ville Apt. 433
West Linda, DE 33106",N,miles
392,David Mcdaniel,237-74-7157,"01500 Williams Trail
South Alexandria, KS 86452",Y,miles
393,Christopher Byrd,174-47-8897,"8362 Li Prairie Suite 203
Erinhaven, WI 86402",N,hours
394,Alicia White,516-18-7933,"1031 Matthews Course
South Amandaburgh, NV 62053",Y,miles
395,Charles Jordan,543-42-9524,"82581 Margaret Crescent Apt. 454
Sharonmouth, VI 55569",Y,hours
396,Guy Price,713-88-2681,"PSC 5316, Box 3372
APO AA 40792",Y,hours
397,Christopher Sullivan,801-50-2231,"880 Laura Pike Suite 588
Millershire, AS 83313",N,hours
398,Patrick Williams,791-03-2982,"48389 Alice Flat
Connieberg, NE 44352",Y,miles
399,Jessica Hamilton,714-77-4805,"08121 Fox Estates
Anthonybury, WA 53738",Y,hours
400,Leroy Mendez,250-14-0568,"091 Baker Well Suite 976
South Leonshire, WV 45742",N,miles
401,Diane Oliver,713-06-6424,"7743 Pamela Walks
East David, ID 93231",Y,hours
402,James Villa,766-63-8653,"62886 Lisa Trafficway Apt. 188
Lake Meganburgh, KS 21849",Y,hours
403,Erin Wilson,364-70-3054,"PSC 1424, Box 5175
APO AP 80147",N,miles
404,Ronald Monroe,119-89-9277,"1929 West Throughway
Hallchester, DC 00565",N,miles
405,Cody Reed,704-31-8702,"14460 Gonzalez Road
Anthonybury, PR 35082",N,miles
406,Jason Hernandez,366-62-2749,"9243 Berry Rest Apt. 615
Clarkstad, PA 20200",Y,hours
407,Sandra Mccoy,479-19-1448,"636 Graham Causeway Apt. 224
East Roybury, MT 37124",N,hours
408,William Buchanan,860-07-5992,"15635 Mitchell Viaduct
North Trevor, RI 18434",N,miles
409,Lynn Henry,287-83-6671,"3855 Grant Bypass
Pricestad, AK 08205",N,miles
410,David Harris,463-53-2130,"Unit 3151 Box 3449
DPO AE 57153",N,hours
411,Matthew Melton,825-13-5268,"67945 Munoz Extension Apt. 602
West Lisa, IA 22570",N,miles
412,Pamela Taylor,627-63-8576,"Unit 7162 Box 6916
DPO AA 82246",Y,miles
413,Stacey Peterson,670-78-1660,"444 Martin Mountains
Rodriguezmouth, NJ 91493",Y,hours
414,Edward Williams,681-61-1041,"57672 Robert Court Apt. 766
North Oscarfort, AZ 45517",Y,hours
415,Ronnie Murphy,544-86-5071,"841 James Manor Suite 074
North Kennethport, IL 49008",N,hours
416,Donna Hill,246-58-0071,"322 Douglas Streets Suite 630
New Thomasborough, MH 84104",Y,hours
417,Ann Mcdonald,791-53-7383,"0192 Moran Manors Suite 978
West Edwinhaven, PA 17900",Y,hours
418,Katherine Graham,300-92-5640,"33022 Berger Lakes
Matthewland, MT 88894",N,miles
419,Brittany Quinn,766-33-5830,"438 Dana Mission Apt. 036
Danielside, OK 62407",Y,hours
420,Michael Green,092-84-2805,"96904 Emily Unions
Munozhaven, KY 07063",Y,miles
421,Brooke Warren,546-01-9005,"1284 Hughes Islands Apt. 089
Johntown, UT 09070",N,miles
422,Linda Stevens,298-26-2440,"39562 Henry Ferry
North Patrickhaven, IL 51222",N,miles
423,Elizabeth Phillips,617-13-6344,"40548 Sarah Coves Suite 566
Smithton, PA 58311",Y,hours
424,Michelle Robinson,519-56-0409,"PSC 6973, Box 7473
APO AE 88703",N,miles
425,Jacob Reilly,480-72-2071,"0605 Andrew Lodge Apt. 891
Cunninghamfurt, NM 28449",Y,miles
426,Lisa Mccoy,385-39-7382,"561 Ronald Pines Apt. 241
Williamsberg, MT 37866",Y,hours
427,Kimberly Wells,587-97-6757,"7959 Eric Stravenue
South Rhonda, MP 45059",Y,hours
428,Kelsey Nguyen,586-16-3550,"Unit 0898 Box 1021
DPO AE 09582",N,hours
429,Trevor White,726-48-8852,"9394 Contreras Radial
Port David, SC 55236",N,miles
430,Michele Williams,660-26-5555,"3245 Tom Divide
Port Melissa, NC 42478",Y,miles
431,Michael Mcgee,374-85-3993,"9240 Anderson Field
Melanieton, NJ 88666",N,miles
432,David Melendez,878-92-1566,"48172 Joseph Harbor
South Jamesburgh, OR 13149",Y,hours
433,Charles Romero,202-98-4078,"13027 Villanueva Shoal Apt. 283
South Erin, GA 57291",Y,miles
434,Christopher Shaw,132-23-5828,"85860 Sarah Mews
Port Jacqueline, NC 67326",N,miles
435,Jon Walsh,428-89-7018,"61354 Sherman Rue Suite 274
New Nicholasstad, AK 49396",N,miles
436,Joshua Townsend,335-01-4923,"29844 Amy Islands
Edwardsmouth, CO 47166",Y,hours
437,Bruce Powers,681-23-7027,"27197 Angel Harbors Apt. 613
West Jonathon, ND 09146",N,hours
438,Marissa Fisher,557-59-5497,"718 Elizabeth Unions Apt. 127
Skinnermouth, NH 87076",N,hours
439,Mark Wang,268-46-3291,"50817 Allen Lane
West Samuel, SD 07567",Y,hours
440,Chad Henry,115-73-5759,"USCGC Martinez
FPO AP 95485",N,miles
441,Ryan Jones,759-19-0687,"78300 Fisher Mountains
East Christinatown, HI 85283",Y,miles
442,Michael Stuart,177-68-9010,"438 Michael Lights
East Markport, SD 38917",Y,hours
443,Natalie Cannon,321-24-2898,"05996 Suarez Lights Suite 710
Davidland, ME 07782",Y,hours
444,Peggy Taylor,639-28-7027,"16037 Christopher Summit Apt. 120
Debrabury, CA 85268",Y,miles
445,Alisha Johnson,103-65-6511,"035 Stewart Cliffs
East Dominiqueborough, GA 89388",N,miles
446,Christopher Bennett,748-16-3312,"8037 Nicholas Way Suite 675
East Lauraland, CO 02593",Y,hours
447,Andrea Moody,613-41-7819,"608 Cohen Hollow
Whitetown, MT 92510",N,hours
448,Emily Young,826-25-7963,"36977 Blair Parks
Fordville, MS 76019",N,miles
449,Theresa Murphy,414-90-4704,"1736 Amy Haven
Lake Paulfort, NH 77601",N,hours
450,Barry Ramirez,222-48-3927,"48455 Gregory Rapids Suite 065
Port Jennifer, SC 96519",N,hours
451,Shelley Miller,499-56-2354,"47246 Kyle Island
Millerborough, TX 32065",Y,hours
452,Evan Martin,210-80-2474,"2327 Sanchez Center Apt. 164
Lake Megan, DE 95220",Y,hours
453,Lisa Rivera,590-66-5540,"32639 Katie Circles Suite 337
Mcculloughview, CA 21058",N,miles
454,Ashley Garcia,358-76-6348,"PSC 1690, Box 1661
APO AP 89277",Y,hours
455,Mrs. Olivia Solis,368-82-9185,"1473 Bennett Fall Suite 331
East Stephanie, LA 54997",Y,miles
456,Ariel Wilson,467-46-2126,"729 Marquez Ville Suite 938
Kendramouth, RI 59529",N,hours
457,Nicole Mcfarland,265-55-8146,"USCGC Glover
FPO AE 23080",Y,miles
458,Bethany Ross,523-16-7363,"4460 Karen Well Apt. 570
Scotthaven, MO 49501",Y,miles
459,Louis Garza,828-49-1488,"5529 Kenneth Overpass
Lewismouth, NM 31301",Y,miles
460,Matthew Hall,582-59-4097,"05856 Clarke Street
Johnside, WY 70513",N,miles
461,Leslie Walker,289-36-8013,"136 Miller Lane Suite 301
West Nancy, WA 94341",Y,hours
462,Marissa Davis,845-13-3971,"061 Brown Run Suite 352
Christineberg, WV 61327",Y,miles
463,Andrew Cooley,029-82-9657,"457 James Ways Suite 287
Port Melanie, NH 22982",N,hours
464,Megan Velasquez,782-67-5547,"486 Johnston Squares
East Ericstad, NC 97821",Y,hours
465,Keith Lewis,327-77-1600,"Unit 2207 Box 5423
DPO AE 43827",N,miles
466,Robert Jones,450-99-8853,"8261 Barrera Tunnel
Adamsport, HI 04286",N,hours
467,James Hughes,552-33-0431,"176 Price River Suite 669
Carrollburgh, TN 10257",N,miles
468,Diana Stout,780-22-8947,"390 Shannon Trail Apt. 446
Nathanielchester, RI 86687",N,hours
469,Derek Morris,223-22-8524,"58134 Hayes Meadows
South Carlosbury, FM 38865",N,hours
470,Mckenzie Wright,641-69-2584,"45696 Williams Lodge
East Jamesland, FM 47954",Y,miles
471,Kevin Blair,465-49-5571,"0738 Hughes Stravenue
Goodwinfurt, FM 55123",Y,hours
472,Kristy Cobb,586-59-2323,"13129 Janice Forges
West Sylviaton, KY 26697",Y,miles
473,Andrew Garcia,056-50-4783,"PSC 8023, Box 0770
APO AE 18010",Y,hours
474,Haley Harrison,696-56-6620,"922 Samuel Ramp
Hallstad, AZ 66737",N,miles
475,Mary Bates,422-60-6239,"504 Megan Summit
Coreymouth, DC 69149",N,miles
476,Joseph Jackson,613-24-0032,"80808 Kevin Square
Sosahaven, MI 35208",N,hours
477,Allison Boyd,447-35-2254,"55496 Joshua Mountains
West Lindsay, RI 21888",N,miles
478,Angela Contreras,520-06-0537,"018 Smith Garden Apt. 994
Philipborough, PR 59947",N,hours
479,Kristine Harris,037-98-0149,"055 Tyler Garden Suite 479
North Tonyachester, VT 86795",N,miles
480,Barry West,469-78-6723,"564 Ford Highway Suite 868
West Herbertfort, NY 64452",N,miles
481,Crystal Howard,467-71-1655,"3275 Daniels Park Apt. 223
West Jasmine, WY 33566",Y,hours
482,Ronald Richards,457-22-9681,"0327 Robert Row Apt. 366
Gutierrezport, FL 44100",N,hours
483,Tammy Wilson,129-42-8635,"86494 Thomas Stravenue Apt. 871
Hinesfurt, CT 15641",Y,hours
484,Ronald Scott,792-32-7958,"577 Jason Streets Suite 890
South Anthonyview, WV 32071",N,hours
485,Dylan Farley,729-49-1887,"Unit 9327 Box 7777
DPO AA 06128",N,miles
486,Joseph Goodwin,271-66-2619,"72506 Brandon Center Suite 974
Jeffreychester, IA 92332",N,hours
487,Donald Harper,688-27-1762,"229 Lopez Radial
New Baileyshire, CT 50711",Y,miles
488,Janice Francis,296-43-7992,"37369 Henry Route
Bassborough, AR 51437",Y,hours
489,Robert Beard,810-87-0406,"USNS Ruiz
FPO AE 87048",Y,miles
490,Karen Ward,475-83-6161,"2103 Estrada Meadows
Meredithton, RI 04878",N,hours
491,Lisa Romero,019-09-4676,"630 Travis Ridge
New Stephanie, ID 95629",Y,hours
492,Jacqueline Lopez,016-69-0818,"2275 Jackson Flat Apt. 021
Lake Brandonbury, DE 48146",Y,hours
493,Alexandria Walker,386-47-1257,"765 Mills Key
Hansenview, DC 05915",N,miles
494,Austin Wu,613-30-3248,"444 Ayala Gardens Suite 576
Brendastad, SD 85846",N,miles
495,Kendra Hill,642-82-1710,"2265 Taylor Ports
Michelleport, NH 55439",N,hours
496,Travis Harmon,606-56-9771,"643 Mcdonald Street
Alvaradoville, NV 57953",Y,hours
497,Rebecca Mcknight,107-45-2504,"602 Stacey Union
Floresbury, KY 73512",Y,miles
498,Jason Gilbert,882-88-0206,"47016 Frost Coves
Stanleytown, NY 81670",Y,hours
499,Kenneth Weiss,857-46-8055,"2346 Goodman Ridge Suite 786
New Lori, WI 50328",N,miles
500,Tiffany Carr,239-70-4237,"12155 Tiffany Prairie Suite 563
Adamschester, FM 31824",Y,miles
501,Zachary Middleton,140-15-9892,"922 Donna Fall
Christopherville, AR 46939",N,miles
502,Jane King,445-35-2995,"134 Brooks Extension
Denisefort, RI 39487",Y,hours
503,Elizabeth Owens,193-37-4274,"77318 Farrell Path
Harperton, OK 08573",N,miles
504,Alisha Hernandez,740-25-8078,"03136 Webster Streets
Charlesfurt, NM 53006",Y,miles
505,Vincent Chambers,749-58-7896,"810 Wilson Shores Apt. 358
North Raymond, MT 49944",N,miles
506,Susan Mejia,598-09-2582,"04109 Huffman Mount Apt. 000
Thomasmouth, NE 61358",N,miles
507,Dr. Heather Hernandez,856-17-3252,"38447 Lisa Ridges
Lake Joshuaside, CT 41391",Y,hours
508,Kimberly Lopez,318-04-4194,"Unit 2902 Box 8023
DPO AP 51583",N,hours
509,Jeffrey Wyatt,236-84-9091,"1799 Evans Valley
Richardsonfurt, MS 82619",Y,hours
510,Amanda Escobar,280-53-7308,"079 Hernandez Lakes
Morrisonland, OK 34515",Y,miles
511,Seth Weber,211-01-8813,"USCGC Hughes
FPO AE 21345",Y,hours
512,George Sanders,712-68-0149,"7118 Mary Dale
North Paulstad, SD 36420",Y,hours
513,James Watts,303-21-5072,"PSC 0704, Box 6556
APO AE 94808",Y,miles
514,Amanda Alvarado,131-08-4062,"176 Cox View
West Bryanshire, VA 83938",Y,hours
515,Jean Shelton,444-92-2185,"7383 Kimberly Estates
Phillipshire, GA 05181",N,hours
516,Veronica Jensen,822-79-1277,"02408 Woods Inlet Suite 357
West Shannonfort, VI 44769",Y,hours
517,Karen Love,574-36-7773,"4382 Michelle Mission
West Joshua, MD 18819",N,hours
518,Brandi Conway,717-85-3070,"3307 Yvette Rapid Suite 552
Lake Dylan, AK 03492",N,hours
519,Denise Wood,884-32-5127,"Unit 2282 Box 5218
DPO AP 73457",Y,miles
520,Miranda Lane,177-84-0070,"86358 Fernandez Unions Suite 676
Harrisonshire, NE 06730",N,miles
521,Christopher Adams,266-02-2033,"52418 Lopez Rue Suite 028
East Joshuaville, MS 51697",N,miles
522,Jesse Tate,257-44-2426,"32145 Christina Crest Apt. 273
Petersonland, RI 73408",N,miles
523,James Gardner,820-16-4634,"47583 Tiffany Club
Justinville, FL 22053",N,hours
524,Jesse Bradley,853-20-2912,"884 Dodson Island Apt. 222
Billymouth, CA 75845",N,hours
525,Jared Gomez,875-12-5347,"911 Hall Underpass
Kellyville, MI 38726",N,miles
526,Jeremy Oconnell,854-86-9062,"326 Vasquez Lodge Apt. 679
Evansmouth, MD 31547",Y,miles
527,Donna Watson,804-05-0751,"60407 Salas Shore
West Joseph, HI 15405",Y,miles
528,Gary Wise,789-44-9432,"805 Becker Gardens
West Carloschester, MS 49517",Y,miles
529,Joseph Miller,571-09-8004,"5402 Davis Shores Apt. 606
New Elizabethport, NE 36730",Y,hours
530,Victor Kramer,863-96-2108,"742 Alexis Light
Terryburgh, AK 21776",Y,miles
531,Catherine Knight,157-57-5224,"23360 Leon Passage
Lake Nicole, PW 59919",Y,hours
532,Lisa Davis,732-50-6439,"506 Jennifer Circle Suite 468
Lake Dawnhaven, CT 15176",Y,hours
533,Derek Myers,807-89-7886,"56637 Garcia Manors Apt. 858
Karenborough, AR 29209",N,miles
534,Curtis Carter,489-72-1228,"09421 Evans Groves
Ryanfort, WA 23462",N,hours
535,Bobby Wells,279-02-0156,"274 Nicole Forest Suite 246
Port April, VA 69320",N,miles
536,James Hill,847-89-0416,"779 Christopher Plains Apt. 591
Bradleyfort, CA 92390",Y,hours
537,April Espinoza,376-39-2643,"3631 Susan Mills
Haasmouth, GA 79075",Y,hours
538,James Francis,744-17-5191,"9890 Lee Views Suite 754
South Glennfort, NY 61121",N,hours
539,Jennifer Floyd,300-96-8105,"59506 Smith Vista Apt. 681
South Natashaberg, MD 36617",Y,miles
540,Cody Johnson,117-01-6131,"329 Turner Way
Jimenezchester, VT 35905",N,miles
541,Dawn Patterson,585-87-4357,"9290 Kelly Drive
Davidstad, NY 72675",Y,miles
542,Ryan Abbott,389-46-1720,"22685 Mackenzie Shore Apt. 762
Mccannfort, MA 81757",Y,hours
543,Emily Howard,862-18-4585,"5187 Robert Island Apt. 952
Anthonyberg, AS 00941",N,hours
544,Eric Campos,106-52-3089,"09460 Wise Summit Apt. 828
North Trevorchester, NH 57048",N,hours
545,Mary Roberts,650-89-1373,"Unit 1290 Box 7613
DPO AP 89953",N,hours
546,Daniel Graham,721-41-5920,"8970 Christina Orchard
East Evelyn, MP 14065",N,hours
547,Connor Lawrence,314-46-1774,"830 Hancock Island
Port Dawn, WY 68758",Y,miles
548,Michael Reed,773-35-2921,"9436 James Knoll
Ochoafort, ID 47771",N,miles
549,Vanessa Daniel,774-35-0074,"953 Ethan Locks Suite 517
West Sierra, MS 97789",Y,hours
550,Johnathan Turner,271-17-2752,"91269 Stephanie Ports Suite 197
Floresfort, IL 62221",N,hours
551,Elizabeth Wood,527-13-1967,"8341 Chase Lane Suite 563
Barrettport, KS 05228",Y,miles
552,Donald Daugherty,698-72-5396,"70700 Mullins Meadows Suite 994
New Ericside, UT 81775",Y,hours
553,Alicia Perez,700-71-9816,"2773 Fitzpatrick Shore Suite 862
Butlerton, OR 01483",N,hours
554,Kenneth Gibson,047-73-2249,"Unit 8010 Box 2229
DPO AP 13288",Y,miles
555,Virginia Johnson,723-88-8287,"PSC 4004, Box 7500
APO AE 37549",N,miles
556,Erica Oliver,582-90-7983,"43121 Wagner Cape Suite 290
New Angelaland, MP 99251",Y,hours
557,Ian Wong,478-60-5970,"79160 Samantha Forest
Port Christopherstad, WV 06607",Y,hours
558,Diamond Kennedy,507-81-4947,"89007 Kelli Ramp Apt. 858
Port Timothy, TN 68470",Y,hours
559,Travis Reeves,653-64-1291,"012 Petersen Station
Trevorport, HI 21050",N,hours
560,Melissa Fox,068-71-3168,"176 Mcgee Orchard Apt. 292
West David, VI 24431",N,hours
561,Eugene Morris,074-59-3311,"4846 Benjamin Valleys Suite 393
Lake Zachary, AK 13071",Y,miles
562,Dr. Mike Alvarado,459-96-9616,"315 Stewart Trail
North Robert, KS 14195",Y,hours
563,Jared Roberts,454-60-4743,"481 Kyle Valley Apt. 876
Kristinatown, PA 14225",N,hours
564,James Wall,896-50-1034,"Unit 5680 Box 0824
DPO AE 02437",N,hours
565,Shawn Fowler,286-54-6677,"44351 Shah Islands Apt. 471
Sullivanberg, NJ 46441",Y,miles
566,Steven Evans,295-27-0302,"3234 Greene Neck
Latoyaview, ND 57989",Y,hours
567,John Smith,301-85-9451,"5206 Miller Heights Apt. 607
Shawview, MT 21831",N,hours
568,Jason Richardson,104-38-1342,"370 Michael Springs
Jenniferberg, GU 95180",Y,miles
569,Donald Robinson,650-10-9273,"9925 Clark Valley Apt. 851
Wheelerfort, MP 24539",N,hours
570,John Newton,821-37-0597,"927 Ashley Freeway Suite 138
Lynnview, WI 21352",N,miles
571,John Jacobs,211-86-3394,"22459 Tyler Junction
East Shelbymouth, PR 34317",N,miles
572,Rebekah Esparza,274-54-9544,"534 Nguyen Trail Suite 852
Christinefort, WI 74533",Y,hours
573,Linda Phillips,259-01-0592,"900 Louis Rue
Stevenshire, GA 49707",N,miles
574,Ronald Gonzalez,125-83-9331,"10616 James Centers Apt. 971
East Heatherhaven, NJ 11890",N,miles
575,Wanda Kim,321-90-3086,"33697 Snow Camp Suite 416
Danielchester, OH 53627",N,miles
576,Bryan Baker,130-31-2396,"1404 Carroll Pass
Smithside, TX 78551",Y,hours
577,Tracy Dougherty,494-68-1113,"0119 Lozano Loaf
Harrisshire, CO 31407",Y,miles
578,Tina Lee,667-66-3449,"584 Tracy Pine
Lake Matthewmouth, VT 85934",N,hours
579,Amanda Abbott,336-20-9212,"25703 Crystal Squares
West Brian, NC 03561",N,hours
580,Vernon Barnes,364-10-1474,"62731 Andrew Greens
Fowlerstad, DC 18258",Y,hours
581,Amy Gordon,450-58-1322,"0504 Catherine Spurs
East Sherri, AK 83395",N,hours
582,Natalie Ortiz,049-47-5774,"Unit 6635 Box 7138
DPO AP 96967",Y,hours
583,Justin Nicholson,864-66-8310,"3699 Hamilton Island Suite 449
Wardshire, CA 39969",N,hours
584,Tara Patterson,065-03-5699,"3511 Smith Loaf
Jonathantown, KY 37520",Y,miles
585,David Jordan,023-40-9749,"7375 Mitchell Knolls
Port Timothy, TN 18173",N,hours
586,Jordan Santiago,696-56-5304,"61416 Davis Street
Lake Davidborough, NE 27615",Y,hours
587,Christopher Norris,580-31-2450,"759 Derrick Villages Suite 132
East Crystal, MH 12374",N,hours
588,Christina Moore,200-41-5459,"493 Lee Cape Suite 318
Parrishside, HI 34696",N,hours
589,Wanda Hopkins,324-59-0470,"858 Christina Hill Apt. 498
Berryland, FM 87519",N,hours
590,Samantha Butler,768-69-4359,"4466 Grimes Points
Port Kevin, AZ 27670",Y,hours
591,Courtney Simmons,599-07-5562,"6305 Kayla Way Apt. 878
Hicksview, OK 85208",Y,miles
592,Nicole Perez,051-02-6584,"Unit 0079 Box 4707
DPO AP 60812",Y,miles
593,Mary Brown,540-49-4795,"58207 Curtis Islands
New Joseph, IA 29377",N,miles
594,Deanna Gomez,463-56-7439,"5171 Danielle Way Apt. 423
Port Robert, NH 82856",Y,hours
595,Amy Patterson,124-05-1140,"23351 Ferguson Key Suite 509
Howardchester, AL 12650",N,miles
596,Jean Sellers,354-19-6700,"0007 Young Dale
Bridgeston, LA 49595",N,hours
597,Nicholas Bright,764-13-5679,"169 Stone Lakes Apt. 490
Kristibury, MD 15099",Y,hours
598,Tara Fields,212-23-1564,"25121 Shannon Harbor Suite 423
Lake Robert, MD 12642",Y,miles
599,Maria Bentley,238-30-6852,"725 Mary Harbors Apt. 518
Marshallside, DE 39211",N,miles
600,Christine Stone,300-74-9505,"6717 Davis Roads Apt. 849
Port Kathleenhaven, MN 71897",Y,hours
601,Gary Marshall,441-24-0440,"50720 Jeremy Road
North Andrea, ID 23944",N,miles
602,Samuel Castillo,084-49-5088,"69974 Smith Lodge
New Maryport, CA 60435",Y,miles
603,Robin Adams,231-11-5184,"47726 Martinez Burg
West Sandra, SD 68772",N,hours
604,Kaylee Crosby,422-61-3995,"5842 Lee Mountain
Lake Vanessaport, WI 17228",Y,hours
605,Jeff Dawson,444-92-6000,"2646 Michael Court Suite 880
Lake Willieberg, ME 46777",N,hours
606,Kayla Giles,396-71-3498,"86378 Rivas Ramp
Bennettside, AZ 87342",N,hours
607,Amanda White,580-62-4268,"7813 Obrien Mews
South James, ME 29178",Y,hours
608,Adam Stanley,080-63-9198,"05137 Leslie Light Apt. 687
New Teresabury, TX 43272",N,hours
609,Heidi Weaver,296-32-9765,"70730 Sanchez Isle Apt. 117
Gordonfort, UT 56524",Y,hours
610,Jennifer Palmer,232-20-3260,"16285 Kathryn Underpass
Kaylaview, ID 77519",N,hours
611,Amanda Carter,437-70-2895,"157 Jonathan Landing
Colemouth, AR 86957",N,miles
612,Danielle Leblanc,537-68-0201,"88423 Melissa Lodge
Rachelport, AZ 55680",Y,hours
613,Tonya Coleman,402-92-0190,"5905 Kim Branch Apt. 809
Johnsonhaven, WI 15180",Y,hours
614,Elizabeth Andrews,491-04-1925,"74472 Johnson Haven Suite 312
East Kendrahaven, KY 68382",Y,miles
615,Christopher Valencia,387-17-5336,"9154 Andrew Locks Suite 109
West Angela, MH 71480",N,miles
616,Blake French,471-71-0964,"712 Gilbert Loop Suite 667
Parkerchester, GU 17999",N,miles
617,Christopher Davis,426-56-1435,"Unit 1257 Box 1116
DPO AE 04165",Y,miles
618,Linda Williams,359-97-0409,"548 Turner Route
East Jody, UT 64185",N,miles
619,Eddie Blankenship,366-80-0422,"5674 Buckley Isle
Whitakershire, CA 25016",N,hours
620,Kevin Riley,562-05-9659,"434 Kimberly Plain Apt. 787
Sullivanfurt, AS 12334",N,hours
621,Hannah Allen,688-22-8660,"USCGC Nixon
FPO AA 87192",N,hours
622,Jennifer Williams,340-33-6212,"86402 Jared Rapid Apt. 436
Marktown, MS 45292",Y,hours
623,Mrs. Elizabeth Gilmore,766-91-6004,"42344 Brian Path Apt. 187
North Jerrychester, CO 33513",N,hours
624,Jordan Chen,674-65-5225,"6908 Marilyn Forges
Lake Patriciamouth, MS 27342",Y,miles
625,Richard Miller,398-25-6715,"094 Franklin Lakes
West Christianton, MI 86859",Y,miles
626,Barbara Gonzales,088-97-5405,"687 Angela Wall
Ochoafort, SD 09868",N,hours
627,Felicia Anderson,124-08-8583,"PSC 1467, Box 5104
APO AA 16262",Y,miles
628,Julia Manning,696-40-5071,"165 Karen Plain
Griffinfurt, GU 09929",N,hours
629,Jessica Turner,607-31-8295,"692 Timothy Trafficway
Johnsonmouth, MO 68891",N,miles
630,Maria Williams,361-06-3820,"08421 Becker Radial Apt. 687
New Jeffrey, WI 26755",N,hours
631,Michelle Smith,061-15-1303,"6456 Cassidy Plaza Suite 843
Burnsburgh, WY 40807",Y,hours
632,Melissa Jones,530-32-9431,"8787 Justin Cliff Apt. 948
Robertbury, VI 26122",Y,hours
633,Daniel Torres,313-25-3645,"6510 Ashley Views
Beckfurt, RI 95081",N,hours
634,Shari Smith,813-37-0394,"51177 Smith Valley
New Tracey, VT 59785",Y,miles
635,Tammy Knight,417-90-1965,"95734 Vanessa Ranch Suite 741
New Dustin, WV 30928",Y,hours
636,Ryan Reynolds,227-37-9664,"11590 Kimberly Walks
Reidchester, WI 46498",N,hours
637,Linda Ward,615-52-6905,"201 Ferrell Run Apt. 068
Elizabethborough, ND 25991",N,miles
638,Bailey White,665-06-7469,"6188 Robert Ridges
Anthonyton, ID 96990",N,miles
639,Douglas Wilson,817-84-9511,"252 Joseph Court Suite 575
North Robertfort, WV 58142",N,miles
640,Alicia Lynch,223-43-1712,"16093 Mcclain Way Suite 800
Samanthaborough, TN 54331",N,miles
641,Christina Hunter,071-82-4773,"2719 Montes Ferry Suite 188
Port Lawrenceport, OR 24470",N,miles
642,Scott Briggs,485-16-8176,"PSC 7740, Box 9672
APO AA 88604",N,hours
643,Angela Wilson,480-93-3782,"60536 Robert Lakes Apt. 501
Martinezside, WV 33752",N,miles
644,Eric Hess,529-88-0342,"680 Brooks Station Suite 582
Jessicahaven, ND 81881",Y,hours
645,John Harris,187-68-2724,"427 Meghan Viaduct Apt. 959
Andrewborough, CT 12926",Y,hours
646,Derek Ward,172-90-8673,"642 Erika Isle
Hallview, WI 13720",N,hours
647,Victoria Chen,337-26-5695,"16202 Waller Unions Apt. 253
Freemanton, AK 85693",N,hours
648,Rachel Miller,610-34-4663,"83626 Harrison Groves
South Haley, FL 36187",N,miles
649,David Maldonado,430-64-9623,"PSC 0891, Box 4977
APO AE 21070",N,miles
650,Brenda Sims,793-16-2523,"4239 Jeremy Forest
Port Adam, CA 21376",Y,hours
651,Leah Escobar,377-87-7412,"PSC 0127, Box 9056
APO AP 69840",Y,miles
652,Sean Hutchinson,654-98-3835,"450 Sawyer Well
East Vanessa, LA 60087",Y,hours
653,Amy Garcia,333-35-6040,"7906 Sara Haven
Jackside, MP 73205",N,miles
654,Lauren Roy,182-58-4296,"3591 Laurie Port Apt. 103
New Jerry, OH 30939",N,miles
655,Peter Atkinson,098-06-7849,"7095 Martin Shoal
West Rachel, MA 94650",N,hours
656,Dr. Holly Kim,186-56-0635,"122 Mcdonald Keys
Annaville, MO 83650",N,hours
657,Elizabeth Richmond,521-29-6982,"34755 Kenneth Stravenue Suite 139
Acostaland, DC 16383",N,miles
658,Jordan Harper,822-29-8215,"741 Christian Mill Apt. 505
South Coreytown, PR 99030",N,hours
659,Scott Edwards,007-74-0379,"9523 Karen Field Suite 202
Lake Lisa, MD 54161",Y,miles
660,Christina Ford,362-82-6767,"363 Estrada Cape Apt. 957
South Justinborough, IN 07380",Y,hours
661,Jose Williamson,094-99-9140,"24212 Taylor Village
Bobshire, NJ 35413",Y,hours
662,Savannah Ruiz,397-34-5164,"6765 Wilson Dam
North Benjaminmouth, SC 69057",N,miles
663,Greg Cruz,626-27-3184,"68432 Paul Lock
Amberton, ME 26741",N,miles
664,Richard Wilson,183-27-0322,"Unit 9463 Box 6690
DPO AE 49913",Y,miles
665,Andrew Fisher,661-82-2961,"32690 Nicole Dale Apt. 492
East Joshuahaven, AZ 14926",N,hours
666,Taylor York,287-65-0377,"8917 Schroeder Prairie
East Gailchester, AR 69219",Y,miles
667,Frank Brooks,888-84-2417,"33960 Rebecca Turnpike
Lesliefurt, SD 79055",Y,hours
668,Richard Reyes,558-87-0974,"USNS Davis
FPO AP 22863",Y,hours
669,Melissa Brennan,723-57-3038,"58223 Norton Crossing
Lake Barrymouth, OK 37426",Y,hours
670,Matthew Harrison,740-82-9283,"2053 Ramirez Street
Jamesland, MH 85097",Y,hours
671,Kenneth Malone,317-15-9812,"72116 Nancy Spur Suite 422
Port Andrewton, DC 26709",N,miles
672,Kim Lyons,626-61-0183,"1405 Benjamin Lodge
East Brittany, RI 81300",Y,miles
673,Brooke Smith,582-86-7815,"512 Lisa Club Apt. 310
Buckleyside, PA 64058",N,miles
674,James Mcdonald,797-62-6986,"USS Ortiz
FPO AE 51578",Y,hours
675,Jose White,126-72-5946,"8618 Foster Dam
North Daniel, TX 48353",N,hours
676,Gary Terrell,695-06-9060,"347 Karen Court
Toddborough, SD 12813",N,hours
677,Paul Jones,072-94-8547,"774 Amanda Falls Suite 129
Port Crystalside, NH 65110",N,miles
678,Meredith Barr,362-25-5139,"0714 William Dam Suite 039
South Christophershire, NC 24337",N,hours
679,Travis Proctor,621-07-1219,"323 Barbara Pass
Silvashire, VI 72534",N,hours
680,Jasmine Hardy,068-41-5918,"20694 Lewis Cape
Brownberg, IL 00584",N,hours
681,Nicole Wu,472-26-2005,"8427 Julia Road
Austinberg, CA 08102",Y,miles
682,Christine Schroeder,801-44-9435,"79096 Margaret Summit
North Katherineland, HI 87574",Y,hours
683,Chase Walton,284-63-8514,"9433 Stacey Mount Apt. 877
Burgessshire, NV 28715",N,hours
684,Dr. Robert Kemp DVM,199-93-1357,"509 Carr Neck Apt. 253
West Christopher, MP 92383",N,hours
685,Blake Sampson,854-42-5559,"7712 Kelsey Square Suite 226
South Deniseville, CT 77415",Y,hours
686,Ricardo Grant,672-95-6228,"Unit 2062 Box 1527
DPO AA 53107",Y,miles
687,Sean Vaughan,452-27-1066,"Unit 3794 Box 6161
DPO AE 27870",N,miles
688,Sharon Stark,516-38-7360,"90766 Matthew Prairie
Davidside, KS 38100",N,miles
689,John Fox,438-33-4709,"130 Tammy Spur Suite 675
Johnnymouth, OR 50223",Y,miles
690,Deborah Stewart,143-34-9090,"049 Garcia Station
Lake Savannah, MI 69160",Y,miles
691,Lisa Smith,097-73-2221,"PSC 4697, Box 5058
APO AA 33793",N,hours
692,Michele Chase,251-48-7963,"2744 Estrada Viaduct Apt. 000
Webbland, MI 52402",Y,hours
693,Elizabeth Miller,542-48-2570,"576 Steele Vista
Port Yvonne, CO 06796",Y,miles
694,Mr. David Molina,280-97-8034,"USNV Hawkins
FPO AE 96249",N,hours
695,Julie Liu,124-29-2260,"29909 Matthew Isle
Rebeccaburgh, FM 21795",N,hours
696,Billy Taylor,631-58-9986,"52871 Smith Light Suite 628
South Shelby, MA 39400",Y,hours
697,Rebecca Shaffer,592-96-2739,"82857 Frank Dale Suite 933
Marcochester, OR 44135",Y,hours
698,Jason Leonard,178-36-6306,"900 John Trail Apt. 695
East Kimberly, SD 85921",Y,hours
699,Gerald Snyder,443-13-0198,"1644 Scott Plains Suite 520
Lake Edward, TN 68607",Y,miles
700,Theresa Lyons,682-13-7489,"PSC 3732, Box 0753
APO AP 69338",N,miles
701,William Tucker,712-91-3089,"1116 Snow Knolls
Lake Barry, WA 53993",N,miles
702,Patricia Chavez,162-55-4794,"1358 Nielsen Islands Apt. 785
Garciashire, NH 91721",N,hours
703,Brian Potter,697-68-3071,"8925 Melinda Extensions
Wendymouth, NH 35243",Y,hours
704,Mr. Timothy Pittman,422-36-8205,"743 Kenneth Lake
New Rachelton, LA 47686",N,miles
705,Justin Johnson,897-67-1601,"0596 Crane Plains Apt. 680
Baileyport, ND 34870",N,hours
706,Zoe Barajas,281-63-8378,"9673 Hughes Key Suite 551
North Alexander, NE 66597",Y,hours
707,Janet Murphy,834-40-5142,"USNS Melton
FPO AA 52469",Y,hours
708,Samuel Nichols,645-62-0283,"227 Courtney Court
North Jodychester, KY 83478",N,miles
709,Alexander Schmitt,580-84-3802,"038 Higgins Lane
Lake Charlotte, NY 81981",N,hours
710,Christopher Burns,228-70-2848,"87842 Foster Mountain
West Tonyton, MN 08713",N,hours
711,Mrs. Rose Adams,220-18-9414,"6547 Chavez River Apt. 613
Port Lauren, TN 46224",Y,hours
712,Pamela Shaw,015-07-0256,"712 Alejandro Circles Suite 342
South Lucashaven, OR 17723",N,hours
713,Jennifer Diaz,872-97-9219,"290 Lopez Ramp
Leroyport, RI 38190",Y,miles
714,Tonya Rose,447-07-9762,"417 Hampton Parkways
Harrisside, MP 40905",N,miles
715,Jacob Thompson,598-32-4361,"Unit 9079 Box 8354
DPO AP 14967",Y,miles
716,Wanda Fowler,769-93-6888,"65578 Chambers Meadows
Bautistafurt, AS 37121",N,miles
717,Juan Arnold,892-72-6750,"2654 Porter Place Suite 330
East Leah, NY 92750",N,hours
718,Jose Gonzalez,603-25-8893,"8814 Sosa Squares Suite 575
Lake David, SC 74780",Y,miles
719,David Singh,090-62-4621,"4955 Jeremy Square Apt. 024
Lake Christopherborough, NJ 34272",N,miles
720,Deborah Keith,544-66-0332,"571 Mcmillan Circles
Port Meganborough, WA 23023",N,hours
721,Melissa Thompson,007-27-7850,"9618 Craig Harbors
Adamburgh, CO 26179",N,miles
722,Laura Floyd,285-11-5969,"2327 Susan Expressway Suite 972
South Dawn, AL 74261",Y,miles
723,Daniel Malone MD,388-10-8003,"PSC 2613, Box 2122
APO AP 08525",Y,hours
724,Kristin Morris,649-97-7913,"81476 Ralph Greens Apt. 624
East Matthew, NE 65592",Y,miles
725,Melissa Jones,265-65-4915,"04714 Parsons Hill Apt. 265
East Alan, WA 48176",N,hours
726,Michelle Walters,658-87-9547,"144 Anderson Street
West Amandaburgh, MP 37383",N,miles
727,Kevin Ryan,664-92-6234,"6860 Seth Square Suite 640
Kristinfurt, PW 53826",Y,miles
728,William Knight,506-86-7866,"23348 Juan Locks Suite 035
South Suzanne, VA 41875",N,miles
729,Rebecca Roth,593-60-5684,"3768 Bishop Roads Suite 450
Theresaberg, OR 62843",Y,hours
730,Lindsey Griffith,834-79-8882,"PSC 8816, Box 2903
APO AE 88480",Y,hours
731,Sierra Jones,255-58-7539,"0863 Steven Hills
Lake Jessica, FM 32214",N,miles
732,Amanda Copeland,633-63-4736,"420 Rebecca Villages
North Brendaland, MT 60624",Y,hours
733,Angela Scott,267-10-6261,"635 Steven Inlet
New Bethany, CO 07030",Y,miles
734,William Thomas,718-39-4040,"65712 Brenda Turnpike
Leechester, VT 34378",N,hours
735,Tony Reid,145-12-2862,"99073 Shaw Curve Suite 038
Millsberg, PW 11087",Y,miles
736,Troy Thomas,672-75-7082,"389 Mendoza Manor Suite 599
North Marisa, FM 24339",Y,hours
737,Devon Davis,524-51-0559,"6309 Williams Plains Suite 387
East Beth, LA 37242",Y,hours
738,Linda Santana,871-48-4274,"16863 Taylor Radial Suite 250
East Josephfort, WA 58664",Y,miles
739,Vanessa Blake,897-84-1029,"43183 Tucker Alley Suite 835
Port Matthew, CT 98424",Y,hours
740,Fernando Choi,603-73-6155,"8441 Hamilton Way
South Michelleland, SD 09651",Y,hours
741,Julie Harris,095-64-7024,"337 Robert Curve
North Randybury, OR 99889",Y,hours
742,Joseph Wallace,620-92-6212,"56726 Craig Mountains
Jesseton, MS 80062",N,hours
743,Victor Mcintosh II,817-13-4606,"PSC 6064, Box 7175
APO AA 90452",Y,miles
744,James Wallace,269-68-4733,"7684 Morgan Ridge
East Marissa, CT 50121",N,miles
745,David Rodriguez,052-54-4743,"USCGC Smith
FPO AE 90349",Y,hours
746,David Burton,042-47-5307,"35734 Victoria Isle Suite 708
Perezstad, VT 33600",Y,hours
747,Mary Ferguson,713-67-9193,"2593 Michael Isle Apt. 947
Porterborough, NH 27370",N,miles
748,Ernest Gillespie,863-32-6992,"68993 Tara Harbors Apt. 115
Kevinmouth, VA 78931",Y,miles
749,Rhonda Moore,474-79-3098,"669 Traci Ports
Port Kimshire, AS 75451",N,hours
750,Nancy Cantrell,118-63-3776,"USNS Hall
FPO AA 83853",N,miles
751,Noah Steele,739-53-1958,"7281 Wagner Ports Apt. 685
Coxbury, AZ 98847",N,hours
752,Kevin Glass,223-04-7470,"5476 Davis Canyon
Kennedychester, GU 44356",N,hours
753,Holly Johnson,667-34-8438,"8042 Bird Vista
Roblestown, FM 14876",N,hours
754,Teresa Cooper,747-17-3942,"PSC 7170, Box 8689
APO AE 59945",Y,miles
755,Heidi Griffin,116-52-8865,"339 Erik Plain Suite 849
East Michellefurt, TN 58946",N,hours
756,Angel Newman,443-22-3674,"06436 Cory Park
East Alicia, PW 22742",N,hours
757,Brandon Pope,670-38-3885,"9662 Elizabeth Dale
Royton, HI 33031",N,miles
758,Kevin Welch,070-03-0158,"9044 Christina Plains Suite 750
South Christine, MN 33889",Y,miles
759,Mary Smith,295-72-5068,"906 Brown Mill Suite 543
Youngberg, MH 45264",N,hours
760,David Aguilar,743-39-2368,"22529 Smith Lakes Apt. 100
Port Dale, LA 58004",Y,miles
761,Karen Bailey,874-10-5241,"1729 Thompson Lane
South Jerry, IA 37818",N,miles
762,Carla Richardson,374-08-2452,"470 Smith Circle
Samuelborough, NM 89979",N,miles
763,Cheryl Soto,102-27-1147,"9389 Russell Fields
Jacquelinemouth, RI 93855",N,hours
764,Paul Evans,580-98-5424,"390 Joshua Alley
Kinghaven, NV 35021",Y,miles
765,Christopher Johnson,878-11-6572,"64768 Andrea Forges
South Tom, WI 97249",Y,hours
766,Monique Williams,873-97-6710,"9113 Matthew Skyway Suite 042
New Dustinstad, AR 51325",Y,miles
767,Jeffrey Taylor,437-08-0743,"858 Donna Terrace
Lake Carla, PA 55391",Y,hours
768,Austin Kennedy DDS,023-03-2683,"7215 Odonnell Pines Suite 720
Port Mark, VT 02985",N,miles
769,Ryan Padilla,312-24-9955,"7031 Taylor Passage
East Rhonda, IN 97502",N,hours
770,Diana Romero,276-23-8400,"6951 Bailey Cliff
South Michelle, IL 08332",Y,miles
771,Darren Noble,106-71-3950,"674 Watson Haven Apt. 750
North Amanda, MI 25437",Y,miles
772,Michael Roberts,349-30-0694,"671 Roberts Union Suite 017
Newmanchester, AK 95797",Y,hours
773,Lori Morgan,646-95-4290,"0794 Jeremy Tunnel
Turnerstad, NC 63319",N,miles
774,Mr. Alan Davis,868-76-7023,"021 Melanie Village
Port Christian, CT 56149",N,miles
775,Christopher Burns,810-35-6555,"338 Nicholas Oval
East Paul, MI 94394",Y,hours
776,Philip Watson,836-99-1379,"2785 Gloria Lake Apt. 619
East Christopher, PR 86851",N,miles
777,George Johnson,591-55-7835,"0669 Kathryn Lake Suite 220
North Taylor, GU 87637",N,miles
778,Donald Mcgrath,858-70-8061,"1452 Thomas Valleys Apt. 286
Davisstad, IN 58523",Y,hours
779,Lauren Rice,864-90-1087,"618 Cassandra Bridge
Lake Annashire, TN 09436",N,hours
780,Derrick Anderson,798-94-8164,"USNV Johnson
FPO AP 32397",Y,miles
781,Catherine Jones,714-57-6985,"7278 Chad Locks Suite 950
Karlaview, KS 71965",Y,hours
782,Omar Salazar,578-96-1900,"9291 Weber Prairie
South Kendraville, NV 41197",N,miles
783,Samantha Mcdonald,296-03-2197,"35792 James Throughway Suite 532
South Rachael, AL 37353",Y,miles
784,Tammy Gibson,256-90-3809,"Unit 1734 Box 3479
DPO AA 76408",N,hours
785,Edward Rodriguez,256-53-3333,"PSC 6350, Box 4590
APO AP 85772",Y,hours
786,Mariah Young,337-98-3906,"USNV Fox
FPO AA 65037",N,hours
787,Benjamin Powell,223-14-8115,"40773 Alex Mountains Suite 576
West Benjamin, RI 86522",N,hours
788,Abigail Arnold,860-28-5103,"5130 Elizabeth Glen
New Kimberly, GA 17187",N,hours
789,Joshua Johnston,731-88-7683,"61736 Cummings Mills Apt. 358
North Donald, TX 76830",N,hours
790,Matthew Hooper,289-66-4410,"75518 Lopez Tunnel
North Heatherchester, IA 34230",N,hours
791,Madison Marshall,850-72-2357,"9178 Anne Hill Apt. 270
Jacksonchester, MO 53052",Y,hours
792,Hailey Potts MD,162-55-5163,"127 Margaret Brooks Apt. 266
Lake Stacy, CA 47958",N,miles
793,Brandon Kelley,068-03-1805,"47589 Stephanie Keys Suite 082
Hughesbury, VI 36254",Y,miles
794,Timothy Phillips,157-26-4868,"8973 Brenda Mountains
East Anthony, AR 46082",N,miles
795,Jay Sweeney,467-92-2972,"88239 Hughes Viaduct
East Rodney, MN 22237",N,miles
796,Rebecca Rangel,288-20-4911,"949 Kyle Glens Suite 733
East Seanhaven, ID 09190",Y,hours
797,Ariana Henry,335-10-9841,"3726 Jones Expressway
North Jose, RI 25952",Y,hours
798,Darlene Holden,022-63-7018,"0626 Melissa Station Suite 552
Shawnbury, MA 70419",N,miles
799,Deanna Flores,516-03-0322,"6259 Jose Avenue Suite 284
North Michelleview, AS 45361",Y,hours
800,Gina Chandler,029-08-7551,"6691 Franklin Ford Suite 550
Olsenborough, ID 30216",Y,hours
801,Thomas Fletcher,067-36-5822,"838 Dennis Springs
Ochoahaven, KY 64416",N,hours
802,Samantha Meyer,625-19-2310,"320 Barber Glen Apt. 885
West Allen, AK 64192",Y,miles
803,Kaitlyn Rose,382-80-1275,"03087 Matthew Knolls Suite 729
Medinaland, TX 85502",Y,hours
804,Lori Gallagher,729-73-1645,"241 Aaron Stravenue Apt. 114
South John, MN 61874",Y,miles
805,Michael Williams,340-58-0028,"603 Johnson Key
Rogerburgh, AL 39580",Y,miles
806,Tony Reid,065-76-9825,"19778 Ashley Curve
Port Jaredfurt, MA 21699",Y,miles
807,Steve Wells,654-80-5210,"0126 April Estates Suite 249
Harveyhaven, MP 51078",Y,hours
808,Christopher Graves,046-11-6738,"671 Ortiz Walk Apt. 911
Port Robert, OH 24047",Y,miles
809,Robert Lopez DDS,340-89-7453,"42729 Gardner Spring Apt. 647
North Jillchester, PA 49978",Y,hours
810,George Green,890-59-9649,"4195 Scott Alley Apt. 739
North Walterburgh, MI 10094",Y,miles
811,Frank Bailey,245-72-9933,"4439 Alyssa Keys Suite 557
Lopezburgh, NE 46251",N,miles
812,Caitlin Smith,394-99-2977,"0793 Jones Shoal
New Timothy, VA 71599",Y,hours
813,William Russell,705-11-3403,"4883 Allen Park
North Roberthaven, MP 13924",Y,miles
814,Aaron Woodard,601-21-6536,"53994 Vega Cove
Shannonmouth, MP 37322",Y,miles
815,Angela Krueger,101-89-2936,"Unit 1980 Box 9122
DPO AA 07817",N,miles
816,Chad Baker,002-75-4235,"682 Caleb Parkways
Shawnview, KS 76173",N,miles
817,Brandon Baker,335-35-5257,"PSC 9493, Box 3376
APO AE 37192",Y,miles
818,Penny Mccarthy,757-69-0465,"24449 Nancy Fords Apt. 339
Michaelton, FM 64862",N,hours
819,Lauren Woods,273-80-7170,"983 Payne Island Suite 370
Mccallfurt, AL 59314",Y,miles
820,William Guzman,866-65-7436,"666 Silva Mount Suite 124
South Craigborough, DE 61766",Y,hours
821,Amanda Cochran,381-25-5713,"14706 Christopher Junction
Turnerport, WY 77295",N,hours
822,Tiffany Cunningham,543-66-1024,"808 Michael Spurs Suite 878
Seanchester, PA 59482",N,hours
823,Lori King,228-59-7028,"026 Gary Mission Apt. 105
Burnettville, MO 01513",N,miles
824,Jonathan Harper,799-49-4289,"28099 Welch Forest
West Suzanne, AS 96440",Y,miles
825,Jennifer Hester,717-98-4969,"4527 Emily Summit Apt. 816
Grahamshire, MH 13640",Y,hours
826,Brittany Chavez,649-53-7701,"20053 King Center Suite 581
Port Darlene, NH 26851",Y,miles
827,Craig Garcia MD,595-84-6561,"374 Sullivan Walks Suite 164
Port Ann, MT 93898",Y,miles
828,Brenda Wood,008-13-5887,"007 Susan Mountains Suite 735
Jamesmouth, MS 66231",N,hours
829,Eric Garcia,847-24-3524,"1201 Brandy Vista
North Raymondland, VA 56297",N,miles
830,Lisa Rodriguez,757-56-7128,"833 Alan Forks Apt. 470
Paulbury, GU 88541",Y,miles
831,Matthew Mora,249-18-0005,"5408 Lawrence Mount Apt. 597
Catherineberg, UT 38460",N,hours
832,Jessica Gordon,824-53-7617,"8061 Edwin Villages
South Eduardoland, NE 83120",Y,miles
833,Nicholas Baker,233-07-0226,"95381 Washington Roads Suite 638
East Makayla, AK 04454",N,hours
834,Carrie Torres,098-86-7544,"51525 Underwood Brook Suite 583
Jessicamouth, WI 29671",N,hours
835,Sandy Graves,771-89-6513,"3088 Johnson Parkways
Richardstad, OK 25653",Y,hours
836,Jordan Fowler,486-68-8542,"2732 Stephanie Club
Matthewtown, WI 43781",Y,miles
837,Justin Davis,065-28-1996,"532 Weber Via
Lake Mallory, GU 20113",Y,miles
838,Ruben Ball,044-25-7329,"2431 Kimberly Creek Suite 526
Tyroneland, WY 78438",N,miles
839,Justin Rogers,394-89-2748,"456 Bender Mountain Suite 453
Port James, ND 93863",N,hours
840,James Thomas,631-68-2792,"5357 Castaneda Stravenue Apt. 303
Lake Jessica, GA 70010",N,miles
841,Sarah Woods,701-53-5913,"249 Adams Glen
Lake Brian, AS 22880",Y,hours
842,Catherine Hernandez,459-30-2810,"Unit 0949 Box 0428
DPO AE 22871",Y,hours
843,Jose Armstrong,466-89-5770,"PSC 0050, Box 9475
APO AA 83604",N,hours
844,Kaylee Ford,877-72-0413,"98149 Johnson Plains Suite 768
New Anthonytown, NJ 22996",N,hours
845,Emily Briggs,244-98-0761,"6105 Skinner Plains
Kaylaton, WA 22625",Y,miles
846,Lindsey Smith,659-28-0631,"1755 Tara Brooks
East Jeremyland, MO 32558",N,hours
847,Rebecca Ferguson,252-89-1771,"21150 Perez Forges Apt. 484
East Larry, SD 72125",Y,hours
848,Phillip Anthony,101-70-2798,"Unit 8988 Box 4179
DPO AP 39615",Y,miles
849,Nicole Adams,395-57-2788,"066 Bennett Shore
West Georgeburgh, MT 72427",N,hours
850,Edwin Daniels,379-02-2587,"623 Samantha Extension Suite 817
Williamstown, NY 17528",Y,miles
851,Mercedes Evans,341-29-5737,"864 Suzanne Camp
Danielport, AR 08151",Y,hours
852,Madeline Lawrence,342-83-9396,"80052 Gerald Fall Apt. 181
Walkerton, WI 07927",Y,miles
853,Francis Buck,442-60-4457,"925 Johnston Plaza
Santosville, NV 61999",N,miles
854,Madison Ball,200-37-4709,"960 John Land
North Johnny, ME 08896",N,miles
855,Stephanie Horn,675-67-5726,"443 Hawkins Forge
Lake Aliceview, AS 44994",Y,miles
856,Melissa Hines,248-54-8724,"999 Henry Mountains
Port Marie, MS 56464",Y,miles
857,Justin Santos,277-64-6642,"70661 Palmer Brook
Youngstad, ND 35684",Y,hours
858,Adrian Wilkinson,380-90-9071,"USNS Turner
FPO AP 81539",N,miles
859,Jason Thornton,117-53-0512,"Unit 0326 Box 3216
DPO AA 57037",Y,miles
860,Ms. Pamela Orozco DDS,272-75-6917,"81885 Jose Street Apt. 310
East Dylanville, TX 99380",N,hours
861,Leslie Johnson,780-18-7354,"008 Samuel Lights Suite 164
Jacksonborough, WY 88097",N,miles
862,Tyler Fields,877-31-7358,"543 Emily Plain
New Melissa, CA 98850",N,hours
863,Elizabeth Hernandez,469-73-7090,"1544 Craig Plaza Apt. 715
Gomezhaven, UT 54702",Y,miles
864,Adam Reese,519-20-7529,"2859 Meyer Forest Suite 728
Lamberg, FM 88223",N,hours
865,Brittany Clements,005-21-0195,"41154 Melissa Junction Suite 150
South Jason, IN 98534",Y,miles
866,Tracey Myers,449-78-9298,"42175 John Estate Apt. 586
Lewistown, MP 93152",Y,hours
867,Ashley Smith,347-21-1169,"1741 Gregory Fields
Sanchezchester, NC 66700",Y,hours
868,Stephanie Clark,248-94-5252,"66688 Barrera Way
East Amy, DE 64011",N,hours
869,Jeffrey Webb,215-54-9871,"3745 Samuel Squares Apt. 971
North Gordonview, RI 13363",Y,hours
870,Jerry Mitchell,500-57-6376,"5388 Brooke Wall
North Alexander, AS 76591",N,hours
871,Ian Harris,131-03-1433,"4861 Blanchard Landing
West Phyllis, MO 64143",Y,miles
872,Ashley Kline,291-50-9471,"6943 Pamela Rest
West Dustin, DC 93199",N,miles
873,Brenda Williams,360-34-9829,"048 Davis Manors Suite 401
Port Johnathan, ID 12317",Y,miles
874,Julia Davis,831-29-0300,"Unit 7435 Box 6847
DPO AA 12352",N,hours
875,Anita Munoz,351-41-5979,"43409 Alvarado Rapids
South Mary, SC 61783",N,miles
876,Tanya Davis,216-75-8385,"2193 Brandon Turnpike Suite 529
Vargasshire, MP 53369",Y,hours
877,Francisco Parrish,644-36-6956,"01190 Matthew Creek
South Davidfort, NH 22866",Y,miles
878,Thomas Moyer,245-56-7866,"USNV Espinoza
FPO AA 83937",N,hours
879,Jeffrey Munoz,519-30-0017,"692 Loretta Parks
East Kimberly, CT 20979",Y,hours
880,Theresa Santiago,406-51-5367,"5828 Johnson Pass Suite 783
East Courtney, SC 71602",Y,hours
881,Daniel King,204-75-2259,"0694 Greer Neck Apt. 816
Joannestad, NJ 30338",N,hours
882,David Fernandez,577-38-6484,"8790 Dawn Rapid
Robinborough, MH 22144",N,miles
883,Christian Johnson,496-16-8330,"3205 Joseph Inlet Suite 997
Port Elizabethfort, AS 72302",Y,miles
884,Bradley Williams,496-03-2846,"Unit 0568 Box 6403
DPO AE 22784",N,miles
885,Tyler Kim,514-91-8008,"USNV Matthews
FPO AP 87796",Y,miles
886,Jasmine Stanley,486-95-5517,"8113 Emily Glen Suite 250
South Saraview, OH 86382",N,hours
887,Jeffery Andrews,556-76-9839,"94401 Kennedy Branch
South Ryanborough, IA 79716",N,hours
888,Sarah Hines,758-44-2971,"758 Dixon Manors Suite 481
Scottberg, RI 82132",N,hours
889,Sara Hughes,781-43-3946,"470 Gary Oval Apt. 288
South Lisamouth, ND 64684",Y,hours
890,Andrea Brown,455-70-5029,"USNV Jensen
FPO AE 58046",N,hours
891,Travis Mccormick,431-34-9083,"97326 Victoria Plaza
Shawnshire, LA 63914",N,miles
892,Alyssa Salazar,029-87-5336,"638 Thomas Neck Suite 373
Meganmouth, MO 10557",Y,miles
893,Mrs. Lisa Hancock,470-40-3556,"194 Stephen Heights
Levibury, IN 29884",N,miles
894,Kyle Hubbard,209-77-8932,"USS Patterson
FPO AP 24914",Y,miles
895,Kristina Scott,326-58-4183,"65543 Heather Mission Suite 188
Joshuastad, AR 82164",Y,hours
896,Ricardo Torres,106-05-6756,"630 Ray Valleys Suite 077
Greenburgh, VA 07961",N,miles
897,Lori Cook,052-90-3548,"Unit 9483 Box 0637
DPO AP 50201",N,hours
898,Denise Clayton,690-72-7148,"88787 Jackson Crossroad Suite 303
South Robertaville, TN 27078",N,hours
899,Ryan Huynh,695-09-6065,"334 White Common
West Kenneth, NV 60285",N,hours
900,Jennifer Stark,161-41-7530,"USNS Delgado
FPO AP 39535",N,miles
901,John Turner,705-90-1614,"428 Benson Courts
Michaelland, OR 67301",N,hours
902,Melanie Henderson,601-58-8074,"USNS Holmes
FPO AA 75148",Y,hours
903,Natalie Johnson,570-59-6925,"5415 Kelly Cape Suite 893
East Anthonyhaven, KY 70094",N,hours
904,Parker Robinson,344-99-9281,"558 Allison Field
Sarahville, AS 04501",N,miles
905,Lisa Estrada,848-63-6506,"578 Christy Walk Suite 804
North Jordanhaven, MD 75132",N,miles
906,Ashley White,042-49-6971,"0627 William Via Apt. 595
Port Eric, WI 53494",N,miles
907,Jessica Lewis,382-37-5995,"271 Beard Pike
Cunninghamborough, VT 48563",Y,hours
908,Cassandra West PhD,703-32-8432,"5722 Susan Viaduct Apt. 684
Lake Sarah, ND 46000",N,miles
909,Kimberly Richardson,384-31-5672,"044 Abigail Valleys Suite 265
Lozanobury, ID 85833",N,miles
910,Robert Byrd,207-03-1802,"09036 Marquez Circles Suite 693
Donaldborough, DE 01040",Y,miles
911,Michelle Thompson,766-11-2783,"036 Andres Squares
Port Penny, AZ 05838",N,miles
912,Kimberly Marsh,065-66-5250,"630 Jeffery Plaza
South Kendraburgh, SD 56377",Y,miles
913,Donald Conrad,452-22-0437,"265 Chavez Brooks Apt. 731
Carlsonshire, AK 07552",N,hours
914,Jennifer Williams,024-22-4184,"6962 Daniel Mount
Brianview, PA 80760",Y,miles
915,Jason Ward,269-64-3312,"95794 Rosales Flat
Chenburgh, DE 06576",N,hours
916,Victor Gonzales,893-13-2116,"721 Newman Pass
Kimberlymouth, OK 33428",Y,hours
917,John Hart,023-07-8614,"7001 Joe Junctions
Port Michael, OK 85321",Y,miles
918,Nicholas Scott,142-72-3591,"514 Justin Rapid Apt. 679
North Lauren, OH 35776",N,miles
919,Rachel Delacruz,706-63-8903,"66160 Stephanie Radial Apt. 021
Bethanyhaven, KY 20987",Y,miles
920,Edward Padilla,395-08-9572,"PSC 5087, Box 7534
APO AE 70209",Y,hours
921,Scott Madden,873-18-9710,"63304 Mitchell Port
West Barbaraton, HI 60229",Y,miles
922,William Conner,740-28-7365,"0511 Anthony Glens Suite 260
Jonesland, VT 94676",Y,hours
923,Edward Bates,703-37-6219,"USNV Davis
FPO AE 68306",N,miles
924,Kimberly Robinson,808-14-3544,"6584 Day Extension Suite 577
Geraldstad, PW 04837",N,hours
925,Scott Perez,653-28-7396,"799 Shelly Locks Suite 784
Lake Jamesbury, IL 55758",Y,miles
926,David Norris,265-24-5494,"3494 Brown Lake
West Laurabury, AK 16962",Y,hours
927,Phillip Peters,250-39-5549,"6561 Kevin Ridges Suite 111
West John, NC 79390",Y,miles
928,Diana Freeman,326-41-7750,"073 Grant Ports
Foleyside, OR 62066",Y,hours
929,Kevin Daniel,611-86-8843,"36331 Nicole Drives Apt. 709
South James, DC 64862",N,miles
930,Nina Marquez,325-88-4876,"74027 Dana Creek Apt. 452
Brentfort, MD 69119",Y,hours
931,Douglas Johnson,659-46-7830,"10498 Marie Ridges
Gravesport, NY 25111",Y,hours
932,Matthew Rowe,119-58-8464,"528 Jenna Knolls
West Mariah, MP 34479",N,miles
933,Jeffrey Fleming,305-22-9309,"8638 Anderson Island Apt. 063
East Tracyfort, SC 44922",N,miles
934,Joseph Barr,350-84-5925,"058 Reid Glen
South Davidmouth, NY 05863",Y,miles
935,Sherry Deleon,409-83-5020,"8225 Wang Points
Cortezborough, SD 42923",Y,hours
936,Kristen Riley,656-41-5533,"USNS King
FPO AE 31819",N,hours
937,Joseph Daniels,705-49-3877,"PSC 9979, Box 0811
APO AP 42818",N,hours
938,Tim Bryant,044-40-6676,"04892 Oconnor Cliff
Patriciahaven, IA 15526",N,miles
939,Jessica Tyler,742-10-3190,"USS Cervantes
FPO AA 26549",N,hours
940,Laura Armstrong,002-44-7824,"840 Bird Shoal
Susanburgh, WY 11180",Y,miles
941,Angela Moreno,289-54-7424,"77916 Simmons Walk
Jonesstad, RI 78656",N,hours
942,Charlotte Solis,208-41-7650,"743 Preston Divide Apt. 186
New Williamshire, CT 69300",N,miles
943,Margaret Richard,709-06-8460,"25600 Hunt Walks
Ericshire, PW 34855",N,miles
944,Charlotte Mccullough,619-88-0063,"7687 Robert Ramp
South Jaredfort, ID 38428",N,miles
945,Amy Oconnell,515-36-4843,"07351 Pollard Mountains
East Bonniefurt, NE 40073",Y,miles
946,Maria James,653-70-4173,"400 Esparza Row
Kramerland, VT 58703",N,miles
947,Sharon Smith,893-42-0959,"0841 Vanessa Locks
Sarahville, FM 78445",Y,miles
948,Deborah Bradley,333-22-7307,"Unit 1261 Box 9646
DPO AA 50286",N,miles
949,Mrs. Elizabeth Williams,515-63-6859,"14467 Singh Branch
Angelaberg, MO 02047",N,miles
950,Shannon Edwards,548-83-8190,"391 Sawyer Villages
New Michelle, MN 15420",N,miles
951,Alexander Briggs,440-76-2856,"3831 Sanchez Ferry Suite 578
Tuckermouth, SC 14781",Y,hours
952,Shannon Morales,364-77-5636,"241 Cochran Cliffs Apt. 427
Chaneystad, AL 34289",Y,miles
953,Kelly Jones DDS,146-09-0149,"65935 Nicole Junctions Apt. 907
Howellbury, ND 69459",N,hours
954,Andrea Jackson,811-62-1825,"77483 Brett Squares Suite 457
Blackburnshire, MO 39663",Y,miles
955,Scott Wilson,553-37-0342,"31703 David Skyway Suite 178
South Richard, KY 09138",N,hours
956,Billy Sanchez,111-47-3416,"Unit 7365 Box 0174
DPO AP 87744",Y,miles
957,Lori Ware,460-12-4352,"Unit 5960 Box 8325
DPO AA 98494",N,miles
958,Sharon James,624-38-4888,"59550 Michael Courts
New Susan, AK 60203",N,hours
959,Dale Williams,069-63-7497,"7048 Villarreal Fields
Fergusonside, SC 98756",Y,hours
960,Brad Cuevas,799-20-3295,"96606 Nathan Knolls Apt. 204
Bryanshire, GU 66848",N,hours
961,Ashley Williams,623-93-2835,"645 Woods Greens Suite 419
New Susan, IA 00782",Y,miles
962,Jessica Lowery,114-64-2973,"6157 Novak Land Apt. 242
Lake Adammouth, OR 73753",Y,miles
963,Karen Malone,833-08-6514,"125 Harris Isle Apt. 008
New Miguelchester, PR 36420",Y,hours
964,Ricky Williams,899-90-0274,"41733 Mary Tunnel Suite 038
Port Johnny, NV 17702",Y,miles
965,Micheal Lynch,675-50-1652,"7701 Brown Corners Suite 649
Lewistown, NH 49976",Y,hours
966,Amy Martin,110-84-5256,"192 John Spring
South Gregoryfurt, GA 70887",Y,hours
967,Stephanie Walsh,406-48-7256,"PSC 6376, Box 8715
APO AE 63472",N,hours
968,Renee Marsh,191-14-0808,"PSC 2448, Box 7862
APO AE 42569",Y,hours
969,Catherine Green,730-62-1753,"74416 Green Vista
Medinamouth, KY 89969",Y,hours
970,Bryan Williams,329-47-7340,"5616 Lisa Pines Apt. 098
Smithburgh, NC 66291",Y,hours
971,Richard Pena,433-01-5575,"Unit 9593 Box 9819
DPO AP 75316",Y,miles
972,Brenda Chan,153-61-5811,"389 Michele Overpass Apt. 330
North Benjamintown, AK 22070",N,hours
973,Alan Fields,331-08-0675,"83094 Kelsey Villages Suite 354
South Mario, OH 42478",Y,hours
974,Jane Gonzalez,115-73-2449,"PSC 0257, Box 3228
APO AA 97441",Y,hours
975,Eugene Kim,746-66-7609,"602 Carroll Flats Suite 263
Anthonyfurt, MD 54573",N,hours
976,Amber Hanson,876-22-8186,"90337 Lee Camp Suite 178
Taylortown, MO 38114",N,miles
977,Edward Cruz,820-54-2716,"8353 Martin Row
Jamesfurt, NJ 41711",N,miles
978,Ariana Reeves,458-91-9279,"1171 Patrick Ridge
Singhbury, NE 29144",N,miles
979,Michael Montgomery,875-22-9305,"143 Michael Way
Alexanderville, PR 48757",Y,hours
980,Stephanie Thomas,230-17-6070,"Unit 3440 Box 4360
DPO AE 47725",N,miles
981,Miss Jessica Meyer,361-18-2696,"069 Heather Stravenue Suite 921
Kristineshire, OH 27531",Y,hours
982,Alyssa Steele,364-37-1670,"97309 Courtney Brook
Angelafort, MD 45434",Y,miles
983,Jessica Gardner,855-57-8129,"Unit 7550 Box 4878
DPO AP 44081",N,hours
984,Teresa Jones,861-61-9189,"6818 Martinez Streets
Andrewside, TX 05167",Y,hours
985,Curtis Thomas,625-21-2354,"20283 Blanchard Mountain
Phillipsmouth, NE 73641",N,miles
986,Karen Warner,174-91-1355,"6208 Nunez Plain Suite 052
West David, RI 85830",N,hours
987,Jenna Wiley,600-39-8424,"2596 Wilson Ports
Stevenburgh, PA 36129",N,miles
988,Russell Ward,133-85-3700,"64333 Murillo Tunnel
Romerofort, AS 27167",N,hours
989,Michael Anderson,621-99-5486,"697 Bowen Lock
Phillipsfort, AK 53322",N,miles
990,Clarence Davenport,897-16-1928,"4046 Martin Squares Apt. 307
Wrightside, CA 68117",N,miles
991,Matthew Brooks,737-89-7480,"24809 Sandra Fords
Lake Jeffrey, TX 02553",Y,miles
992,Molly Roberson,305-14-0511,"3481 Mary Mills
Florestown, VI 70860",Y,hours
993,Billy Keith,444-20-3446,"59241 Daniel Rapid Suite 314
North Brittanymouth, MP 11552",N,hours
994,William Smith,646-14-2402,"3771 Jefferson Pines
New Jamesside, MA 35704",N,miles
995,William Smith,621-25-3905,"142 Amy Fields Apt. 317
Raymouth, MN 85303",Y,miles
996,Janet Moore,880-67-6295,"4883 Butler Rapid Apt. 371
Dickersonview, CT 18277",N,hours
997,Brian Jackson,609-23-8538,"98458 Delacruz Island
Breannastad, CA 09387",Y,hours
998,Lacey Diaz,819-26-2419,"9337 Fitzgerald Walks
Villarrealville, OK 58646",Y,hours
999,James Jenkins,548-39-1572,"8632 Scott Lakes
West Bridget, DE 57932",N,miles
1000,John Thompson,584-34-8568,"34561 Kelsey Wells
Marshchester, PA 87418",Y,miles
1001,Natalie Hughes,363-90-3171,"77611 Wayne Valley
South Calvin, OR 63853",Y,miles
1002,Jake Brown,751-96-2830,"29297 Barnes Station Apt. 904
Port William, SD 76715",N,miles
1003,Gregory Escobar,197-28-0002,"067 Howell Station
Tarahaven, MH 09711",N,hours
1004,Brenda Miller,771-87-8051,"52297 Michael Way
New Thomaschester, TN 76237",N,miles
1005,Joshua Fischer,411-47-2246,"709 Morales Mount Apt. 344
East Jamesfort, MI 96761",Y,miles
1006,Katelyn Howard,608-23-9689,"107 Vickie Road
Bradleyburgh, MN 73933",Y,miles
1007,Tara Randolph,565-67-6920,"20630 Mark Village Apt. 624
Emilyland, CA 49735",Y,hours
1008,Christopher Thompson,354-30-8552,"4140 Steven Rapid
East Carlafort, VI 64431",N,hours
1009,Jesus Molina,501-59-4928,"1157 Calvin Landing
Port Codychester, CT 07548",N,hours
